Tipo de Producto,Estado Tipo de Producto,Producto,Estado Producto,Marca,Estado Marca,Variante Producto,Estado Variante Producto,SKU,Codigo barras
Al??mbricos,0,Prueba integracion,0,Moreka,0,negro,0,prueba123,"7,84071E+13"
Aud??fonos Al??mbricos,0,2 piezas Aud??fonos manos libres In-ear M-914,0,Moreka,0,,0,PIEMORDEFM-914-2,"7,02414E+13"
Aud??fonos Al??mbricos,0,AUDIFONO ALAMBRICO M-924,0,Moreka,0,MULTICOLOR,0,"7,34557E+13","7,34557E+13"
Aud??fonos Al??mbricos,0,AUDIFONO ALAMBRICO M925,0,Moreka,0,multicolor,0,"7,34557E+13","7,34557E+13"
Aud??fonos Al??mbricos,0,AUDIFONO ANALAMBRICO M 904,0,Moreka,0,,0,"7,23055E+13","7,23055E+13"
Aud??fonos Al??mbricos,0,AUDIFONO MOREKA M 901 3.5MM,0,Moreka,0,VARIEDAD DE COLOR,0,"7,22106E+13","7,22106E+13"
Aud??fonos Al??mbricos,0,Aud??fonos al??mbrico M919,0,Moreka,0,Multicolor,0,"7,02689E+13","7,02689E+13"
Aud??fonos Al??mbricos,0,AUDIFONOS ALAMBRICOS MOREKA M-924,1,Moreka,0,MULTICOLOR,1,"7,79924E+13","7,79924E+13"
Aud??fonos Al??mbricos,0,AUDIFONOS CON CABLE WE-100,0,NEBRO,0,Negro,0,"7,77487E+13","7,77487E+13"
Aud??fonos Al??mbricos,0,AUDIFONOS CON CABLE WJ-003 BLANCO,0,NEBRO,0,BLANCO,0,"7,77487E+13","7,77487E+13"
Aud??fonos Al??mbricos,0,AUDIFONOS CON CABLE WJ-005,0,NEBRO,0,Negro,0,"7,78263E+13","7,78263E+13"
Aud??fonos Al??mbricos,0,AUDIFONOS CON CABLE WJ-006,0,NEBRO,0,Negro,0,"7,78263E+13","7,78263E+13"
Aud??fonos Al??mbricos,0,AUDIFONOS INALAMBRICOS WE-005 EXTRA BASS 5H MUSIC BT 5.2V DISTANCIA 10MTS,1,NEBRO,0,BLANCO,1,"7,84582E+13","7,84582E+13"
Aud??fonos Al??mbricos,0,Aud??fonos ONE-003,0,Moreka,0,Multicolor,0,"6,92909E+13","6,92909E+13"
Aud??fonos Al??mbricos,0,Paquete de 12 Aud??fonos M-913 Al??mbricos Manos Libres,0,Moreka,0,,0,"6,82355E+13","6,82355E+13"
Aud??fonos Al??mbricos,0,PAQUETE DE 20 Audifonos Moreka M-922 Al??mbricos Manos Libres conector tipo C,0,Moreka,0,,0,"7,23745E+13","7,23745E+13"
Aud??fonos Bluetooth,0,AUDIFONO BLUETOOTH NEBRO T16,1,NEBRO,0,AMARILLO,1,"7,59612E+13","7,59612E+13"
Aud??fonos Bluetooth,0,AUDIFONO INALAMBRICA MOREKA BL031,0,Moreka,0,BEIGE,0,"7,82601E+13","7,82601E+13"
Aud??fonos Bluetooth,0,AUDIFONO INALAMBRICA MOREKA BL031,0,Moreka,0,NEGRO,0,"7,82601E+13","7,82601E+13"
Aud??fonos Bluetooth,0,AUDIFONO INALAMBRICO  WET-16,0,NEBRO,0,GOLDEN,0,"7,80536E+13","7,80536E+13"
Aud??fonos Bluetooth,0,AUDIFONO INALAMBRICO  WET-16,0,NEBRO,0,Negro,0,"7,77487E+13","7,77487E+13"
Aud??fonos Bluetooth,0,AUDIFONO INALAMBRICO  WET-9,0,NEBRO,0,Negro,0,"7,77487E+13","7,77487E+13"
Aud??fonos Bluetooth,0,AUDIFONO INALAMBRICO MOREKA E299,0,Moreka,0,BLANCO,0,"7,40421E+13","7,40421E+13"
Aud??fonos Bluetooth,0,AUDIFONO INALAMBRICO MOREKA E299,0,Moreka,0,GRIS,0,"7,40421E+13","7,40421E+13"
Aud??fonos Bluetooth,0,AUDIFONO INALAMBRICO MOREKA E299,0,Moreka,0,NEGRO,0,"7,40421E+13","7,40421E+13"
Aud??fonos Bluetooth,0,AUDIFONO INALAMBRICO MOREKA M288,0,Moreka,0,BLANCO,0,"7,40421E+13","7,40421E+13"
Aud??fonos Bluetooth,0,AUDIFONO INALAMBRICO MOREKA M288,0,Moreka,0,NEGRO,0,"7,40421E+13","7,40421E+13"
Aud??fonos Bluetooth,0,AUDIFONO INALAMBRICO T18,1,NEBRO,0,Negro,1,"7,80523E+13","7,80523E+13"
Aud??fonos Bluetooth,0,AUDIFONO INALAMBRICO T21,1,NEBRO,0,Blanco,1,"7,80523E+13","7,80523E+13"
Aud??fonos Bluetooth,0,AUDIFONO INALAMBRICO T21,1,NEBRO,0,negro,1,"7,80523E+13","7,80523E+13"
Aud??fonos Bluetooth,0,AUDIFONO INALAMBRICO T23A,1,NEBRO,0,Negro,1,"7,77487E+13","7,77487E+13"
Aud??fonos Bluetooth,0,AUDIFONO INALAMBRICO T31,1,NEBRO,0,Blanco,1,"7,80523E+13","7,80523E+13"
Aud??fonos Bluetooth,0,AUDIFONO INALAMBRICO T32A,1,NEBRO,0,Negro,1,"7,77487E+13","7,77487E+13"
Aud??fonos Bluetooth,0,AUDIFONO INALAMBRICO T33S,1,NEBRO,0,Blanco,1,"7,80523E+13","7,80523E+13"
Aud??fonos Bluetooth,0,AUDIFONO INALAMBRICO T33S,1,NEBRO,0,Negro,1,"7,80523E+13","7,80523E+13"
Aud??fonos Bluetooth,0,AUDIFONO INALAMBRICO T34S,1,NEBRO,0,Blanco,1,"7,80523E+13","7,80523E+13"
Aud??fonos Bluetooth,0,AUDIFONO INALAMBRICO T34S,1,NEBRO,0,Negro,1,"7,80523E+13","7,80523E+13"
Aud??fonos Bluetooth,0,AUDIFONO INALAMBRICO T35,1,NEBRO,0,Blanco,1,"7,80523E+13","7,80523E+13"
Aud??fonos Bluetooth,0,AUDIFONO INALAMBRICO T35,1,NEBRO,0,Negro,1,"7,80523E+13","7,80523E+13"
Aud??fonos Bluetooth,0,AUDIFONO INALAMBRICO T36S,1,NEBRO,0,Blanco,1,"7,80523E+13","7,80523E+13"
Aud??fonos Bluetooth,0,AUDIFONO INALAMBRICO T39,1,NEBRO,0,Blanco,1,"7,80523E+13","7,80523E+13"
Aud??fonos Bluetooth,0,AUDIFONO INALAMBRICO T39,1,NEBRO,0,Negro,1,"7,80523E+13","7,80523E+13"
Aud??fonos Bluetooth,0,AUDIFONO INALAMBRICO T40,1,NEBRO,0,Blanco,1,"7,80523E+13","7,80523E+13"
Aud??fonos Bluetooth,0,AUDIFONO INALAMBRICO T40,1,NEBRO,0,Negro,1,"7,80523E+13","7,80523E+13"
Aud??fonos Bluetooth,0,AUDIFONO INALAMBRICO T7,1,NEBRO,0,Negro,1,"7,80523E+13","7,80523E+13"
Aud??fonos Bluetooth,0,AUDIFONO INALAMBRICO T87,1,NEBRO,0,Blanco,1,"7,80523E+13","7,80523E+13"
Aud??fonos Bluetooth,0,AUDIFONO INALAMBRICO WE-012ANC,0,NEBRO,0,Negro,0,"7,78263E+13","7,78263E+13"
Aud??fonos Bluetooth,0,AUDIFONO INALAMBRICO WE-068,0,NEBRO,0,Blanco,0,"7,80522E+13","7,80522E+13"
Aud??fonos Bluetooth,0,AUDIFONO INALAMBRICO WE-068,0,NEBRO,0,Negro,0,"7,77487E+13","7,77487E+13"
Aud??fonos Bluetooth,0,AUDIFONO INALAMBRICO WE-15,0,NEBRO,0,Blanco,0,"7,80513E+13","7,80513E+13"
Aud??fonos Bluetooth,0,AUDIFONO INALAMBRICO WE-502,0,NEBRO,0,Negro,0,"7,78263E+13","7,78263E+13"
Aud??fonos Bluetooth,0,AUDIFONO INALAMBRICO WET-25,0,NEBRO,0,BLANCO,0,"7,80596E+13","7,80596E+13"
Aud??fonos Bluetooth,0,AUDIFONO INALAMBRICO WET-25,0,NEBRO,0,Negro,0,"7,77487E+13","7,77487E+13"
Aud??fonos Bluetooth,0,AUDIFONO INALAMBRICO WET-26,0,NEBRO,0,BLANCO,0,"7,80508E+13","7,80508E+13"
Aud??fonos Bluetooth,0,AUDIFONO INALAMBRICO WET-26,0,NEBRO,0,negro,0,"7,77487E+13","7,77487E+13"
Aud??fonos Bluetooth,0,AUDIFONO INALAMBRICO X11,0,NEBRO,0,Nebro,0,"7,80523E+13","7,80523E+13"
Aud??fonos Bluetooth,0,AUDIFONOS BLUETOOTH NEBRO TWS T-37,1,NEBRO,0,BLANCO,1,"7,74909E+13","7,74909E+13"
Aud??fonos Bluetooth,0,AUDIFONOS BLUETOOTH NEBRO TWS T-37,1,NEBRO,0,NEGRO,1,"7,7491E+13","7,7491E+13"
Aud??fonos Bluetooth,0,AUDIFONOS CON CABLE WJ-001,0,NEBRO,0,Negro,0,"7,78263E+13","7,78263E+13"
Aud??fonos Bluetooth,0,Aud??fonos Diadema Bluetooth  KITTY Inal??mbrico Plegable,0,Moreka,0,Rojo,0,DIAMORROJKITTY,"6,92111E+13"
Aud??fonos Bluetooth,0,Aud??fonos Diadema Bluetooth  KITTY Inal??mbrico Plegable,0,Moreka,0,Rosa,0,DIAMORROSKITTTY,"6,92111E+13"
Aud??fonos Bluetooth,0,Aud??fonos Diadema Bluetooth  Mario Bros Inal??mbrico Plegable,0,Moreka,0,Azul,0,DIAMORAZUMARIO,"6,92125E+13"
Aud??fonos Bluetooth,0,Aud??fonos Diadema Bluetooth  Mario Bros Inal??mbrico Plegable,0,Moreka,0,Rojo,0,DIAMORROJMARIO,"6,92125E+13"
Aud??fonos Bluetooth,0,Aud??fonos Diadema Bluetooth  Moreka ST-28 Inal??mbrico,0,Moreka,0,Defaul,0,"6,84888E+13","6,84888E+13"
Aud??fonos Bluetooth,0,Aud??fonos Diadema Moreka 808,0,Moreka,0,Variedad de color,0,"7,00084E+13","7,00084E+13"
Aud??fonos Bluetooth,0,Aud??fonos Diadema Moreka 809,0,Moreka,0,Variedad de color,0,"7,00084E+13","7,00084E+13"
Aud??fonos Bluetooth,0,audifonos inalambricos  6 h bass nebro Modelo WE062,1,NEBRO,0,Negro,1,"7,77487E+13","7,77487E+13"
Aud??fonos Bluetooth,0,audifonos inalambricos deep bass bt 5.3 nebro  Modelo WE T25,1,NEBRO,0,Negro,1,"7,77487E+13","7,77487E+13"
Aud??fonos Bluetooth,0,AUDIFONOS INALAMBRICOS MOREKA B02,0,Moreka,0,NEGRO,0,"7,70683E+13","7,70683E+13"
Aud??fonos Bluetooth,0,AUDIFONOS INALAMBRICOS MOREKA B06,0,Moreka,0,NEGRO,0,"7,70683E+13","7,70683E+13"
Aud??fonos Bluetooth,0,AUDIFONOS INALAMBRICOS MOREKA E605,0,Moreka,0,BLANCO,0,"7,81902E+13","7,81902E+13"
Aud??fonos Bluetooth,0,AUDIFONOS INALAMBRICOS MOREKA E605,0,Moreka,0,NEGRO,0,"7,81902E+13","7,81902E+13"
Aud??fonos Bluetooth,0,AUDIFONOS INALAMBRICOS MOREKA E605,0,Moreka,0,ROSA,0,"7,81902E+13","7,81902E+13"
Aud??fonos Bluetooth,0,AUDIFONOS INALAMBRICOS MOREKA E605,0,Moreka,0,VIOLETA,0,"7,81902E+13","7,81902E+13"
Aud??fonos Bluetooth,0,AUDIFONOS INALAMBRICOS MOREKA E606,0,Moreka,0,BLANCO,0,"7,81903E+13","7,81903E+13"
Aud??fonos Bluetooth,0,AUDIFONOS INALAMBRICOS MOREKA E606,0,Moreka,0,NEGRO,0,"7,81903E+13","7,81903E+13"
Aud??fonos Bluetooth,0,AUDIFONOS INALAMBRICOS MOREKA E606,0,Moreka,0,ROSA,0,"7,81903E+13","7,81903E+13"
Aud??fonos Bluetooth,0,audifonos inalambricos sport 6h nebro  Modelo WE066,1,NEBRO,0,Negro,1,"7,77487E+13","7,77487E+13"
Aud??fonos Bluetooth,0,Aud??fonos ME-1007 ,0,Moreka,0,Variedad de color,0,"6,99378E+13","6,99378E+13"
Aud??fonos Bluetooth,0,Audifonos Pro6,0,Moreka,0,Variedad de colores,0,"7,15909E+13","7,15909E+13"
Aud??fonos Bluetooth,0,AUDIFONOS WET-16,1,NEBRO,0,Negro,1,"7,78263E+13","7,78263E+13"
Aud??fonos Bluetooth,0,AUDIFONOS WET-18,0,NEBRO,0,Negro,0,"7,78263E+13","7,78263E+13"
Aud??fonos Bluetooth,0,AUDIFONOS WET-20S,0,NEBRO,0,Negro,0,"7,78263E+13","7,78263E+13"
Aud??fonos Bluetooth,0,AUDIFONOS WET-21,0,NEBRO,0,Negro,0,"7,78263E+13","7,78263E+13"
Aud??fonos Bluetooth,0,AUDIFONOS WET-23A,1,NEBRO,0,Negro,1,"7,78263E+13","7,78263E+13"
Aud??fonos Bluetooth,0,AUDIFONOS WET-25,1,NEBRO,0,Negro,1,"7,78263E+13","7,78263E+13"
Aud??fonos Bluetooth,0,AUDIFONOS WET-25S,1,NEBRO,0,Negro,1,"7,78263E+13","7,78263E+13"
Aud??fonos Bluetooth,0,AUDIFONOS WET-30,1,NEBRO,0,Negro,1,"7,78263E+13","7,78263E+13"
Aud??fonos Bluetooth,0,AUDIFONOS WET-31,0,NEBRO,0,Negro,0,"7,78263E+13","7,78263E+13"
Aud??fonos Bluetooth,0,AUDIFONOS WET-32A,0,NEBRO,0,BLANCO,0,"7,80533E+13","7,80533E+13"
Aud??fonos Bluetooth,0,AUDIFONOS WET-32A,0,NEBRO,0,Negro,0,"7,78263E+13","7,78263E+13"
Aud??fonos Bluetooth,0,AUDIFONOS WET-33S,0,NEBRO,0,Negro,0,"7,78263E+13","7,78263E+13"
Aud??fonos Bluetooth,0,AUDIFONOS WET-34S,0,NEBRO,0,Negro,0,"7,78263E+13","7,78263E+13"
Aud??fonos Bluetooth,0,AUDIFONOS WET-35,0,NEBRO,0,Negro,0,"7,78263E+13","7,78263E+13"
Aud??fonos Bluetooth,0,AUDIFONOS WET-36S,0,NEBRO,0,Negro,0,"7,78263E+13","7,78263E+13"
Aud??fonos Bluetooth,0,AUDIFONOS WET-37,1,NEBRO,0,Negro,1,"7,78263E+13","7,78263E+13"
Aud??fonos Bluetooth,0,AUDIFONOS WET-39,0,NEBRO,0,Negro,0,"7,78263E+13","7,78263E+13"
Aud??fonos Bluetooth,0,AUDIFONOS WET-40,0,NEBRO,0,Negro,0,"7,78263E+13","7,78263E+13"
Aud??fonos Bluetooth,0,AUDIFONOS WET-7,0,NEBRO,0,Negro,0,"7,78263E+13","7,78263E+13"
Aud??fonos Bluetooth,0,AUDIFONOS WET-87,0,NEBRO,0,Negro,0,"7,78263E+13","7,78263E+13"
Aud??fonos Bluetooth,0,AUDIFONOS WEX-11,0,NEBRO,0,Negro,0,"7,78263E+13","7,78263E+13"
Aud??fonos Bluetooth,0,Bocina T-162,0,Moreka,0,Variedad de colores,0,T-162-REMATE,"6,98205E+13"
Aud??fonos Bluetooth,0,Diadema 950BT,0,Moreka,0,Negro,0,"6,99379E+13","6,99379E+13"
Aud??fonos Bluetooth,0,Diadema audifono bluetooth  BL015,0,Moreka,0,multicolor,0,"7,28168E+13","7,28168E+13"
Aud??fonos Bluetooth,0,diadema audifono bluetooth BL009,0,Moreka,0,MULTICOLOR,0,"7,28168E+13","7,28168E+13"
Aud??fonos Bluetooth,0,Diadema aud??fono G20,0,Moreka,0,Negro,0,"7,00243E+13","7,00243E+13"
Aud??fonos Bluetooth,0,Diadema Aud??fonos 808M,0,Moreka,0,Variedad de colores,0,"7,00512E+13","7,00512E+13"
Aud??fonos Bluetooth,0,Diadema Aud??fonos 809M,0,Moreka,0,Variedad de colores,0,"7,00512E+13","7,00512E+13"
Aud??fonos Bluetooth,0,Diadema G10,0,Moreka,0,Variedad de colores,0,G10-REMATE,"6,98205E+13"
Aud??fonos Bluetooth,0,DIADEMA INALAMBRICO BL023,0,Moreka,0,AZUL,0,"7,63844E+13","7,63844E+13"
Aud??fonos Bluetooth,0,DIADEMA INALAMBRICO BL023,0,Moreka,0,NEGRO,0,"7,63844E+13","7,63844E+13"
Aud??fonos Bluetooth,0,DIADEMA INALAMBRICO BL023,0,Moreka,0,PLATA,0,"7,63844E+13","7,63844E+13"
Aud??fonos Bluetooth,0,DIADEMA INALAMBRICO BL023,0,Moreka,0,ROSA,0,"7,63844E+13","7,63844E+13"
Aud??fonos Bluetooth,0,DIADEMA INALAMBRICO BL023,0,Moreka,0,VERDE,0,"7,63844E+13","7,63844E+13"
Aud??fonos Bluetooth,0,Diadema M15,0,Moreka,0,Variedad de color,0,"7,15177E+13","7,15177E+13"
Aud??fonos Bluetooth,0,Diadema M1L,0,Moreka,0,Variedad de colores,0,M1L-REMATE,"6,98205E+13"
Aud??fonos Bluetooth,0,Diadema ST28,0,Moreka,0,Variedad de color,0,ST28-REMATE,"6,98205E+13"
Bater??a,0,BATERIA CON TERMINAL M-18650A,0,Moreka,0,,0,"7,63678E+13","7,63678E+13"
Bater??a,0,BATERIA SIN TERMINAL M-18650B,0,Moreka,0,,0,"7,63678E+13","7,63678E+13"
Bater??a,0,BATERIA SIN TERMINAL M-18651B,0,Moreka,0,,0,"7,63679E+13","7,63679E+13"
Bater??a,0,MOR-8076 SISTEMA CARGA SOLAR 30W 600 mAh BOCINA RADIO,1,Moreka,0,,1,"7,24788E+13","7,24788E+13"
Belleza,0,ALISADOR DE CABELLO MFJ029,0,Moreka,0,,0,"7,63679E+13","7,63679E+13"
Belleza y Salud,0,Plancha de cabello AM-518,0,Moreka,0,Variedad de colores,0,"7,13532E+13","7,13532E+13"
Belleza y Salud,0,RASURADORA W 101,0,Moreka,0,MULTICOLOR,0,"7,41285E+13","7,41285E+13"
Belleza y Salud,0,rizador y alaciador AE-518,0,Moreka,0,LILA,0,"7,13558E+13","7,13558E+13"
Belleza y Salud,0,rizador y alaciador AE-518,0,Moreka,0,Negro,0,"7,13558E+13","7,13558E+13"
Belleza y Salud,0,rizador y alaciador AE-518,0,Moreka,0,Verde,0,"7,13558E+13","7,13558E+13"
Bocinas,0,bocia inalambrica ipx4 8w 3h nebro Modelo WG198,0,NEBRO,0,Negro,0,"7,77487E+13","7,77487E+13"
Bocinas,0,Bocina A12,1,Moreka,0,Calavera,1,"7,1287E+13","7,1287E+13"
Bocinas,0,Bocina A12,1,Moreka,0,Camuflaje,1,"7,12871E+13","7,12871E+13"
Bocinas,0,Bocina A12,1,Moreka,0,Gris,1,"7,12871E+13","7,12871E+13"
Bocinas,0,Bocina A12,1,Moreka,0,Negro,1,"7,12871E+13","7,12871E+13"
Bocinas,0,BOCINA ALTAVOZ INALAMBRICA M 420,0,Moreka,0,AZUL,0,"7,41809E+13","7,41809E+13"
Bocinas,0,BOCINA ALTAVOZ INALAMBRICA M 420,0,Moreka,0,NEGRO,0,"7,41809E+13","7,41809E+13"
Bocinas,0,BOCINA ALTAVOZ INALAMBRICA M 420,0,Moreka,0,VERDE,0,"7,41809E+13","7,41809E+13"
Bocinas,0,Bocina GT-111,0,Moreka,0,Colores varios,0,GT-111-REMATE,"6,98205E+13"
Bocinas,0,BOCINA INALAMBRICA 10W MOREKA M-428B,0,Moreka,0,GRIS,0,"7,81981E+13","7,81981E+13"
Bocinas,0,BOCINA INALAMBRICA 10W MOREKA M-428B,0,Moreka,0,NEGRO,0,"7,81981E+13","7,81981E+13"
Bocinas,0,BOCINA INALAMBRICA 16W M 414,0,Moreka,0,AZUL,0,"7,38695E+13","7,38695E+13"
Bocinas,0,BOCINA INALAMBRICA 16W M 414,0,Moreka,0,GRIS,0,"7,38695E+13","7,38695E+13"
Bocinas,0,BOCINA INALAMBRICA 16W M 414,0,Moreka,0,NEGRO,0,"7,38695E+13","7,38695E+13"
Bocinas,0,bocina inalambrica 8w 3h tws nebro Modelo WG186,0,NEBRO,0,Negro,0,"7,77487E+13","7,77487E+13"
Bocinas,0,bocina inalambrica con cargador solar 10w 3h nebro Modelo bocia i,0,NEBRO,0,Negro,0,"7,77487E+13","7,77487E+13"
Bocinas,0,bocina inalambrica ipx4 8w Modelo WG199,0,NEBRO,0,Negro,0,"7,77487E+13","7,77487E+13"
Bocinas,0,BOCINA INALAMBRICA MOREKA M-445,0,Moreka,0,AZUL,0,"7,83626E+13","7,83626E+13"
Bocinas,0,BOCINA INALAMBRICA MOREKA M-445,0,Moreka,0,BEIGE,0,"7,83626E+13","7,83626E+13"
Bocinas,0,BOCINA INALAMBRICA MOREKA M-445,0,Moreka,0,NEGRO,0,"7,83626E+13","7,83626E+13"
Bocinas,0,BOCINA INALAMBRICA MOREKA M-445,0,Moreka,0,ROJO,0,"7,83626E+13","7,83626E+13"
Bocinas,0,BOCINA INALAMBRICA PORTATIL M 388,0,Moreka,0,NEGRO,0,"7,29203E+13","7,29203E+13"
Bocinas,0,BOCINA M 408,1,Moreka,0,MULTICOLOR,1,"7,34552E+13","7,34552E+13"
Bocinas,0,Bocina Moreka 382,0,Moreka,0,Naranja,0,"7,27148E+13","7,27148E+13"
Bocinas,0,Bocina Moreka 382,0,Moreka,0,Negro,0,"7,15907E+13","7,15907E+13"
Bocinas,0,Bocina Moreka 384,1,Moreka,0,Multicolor,1,"7,01984E+13","7,01984E+13"
Bocinas,0,BOCINA MOREKA 408 MULTI COLOR,0,Moreka,0,multicolor,0,"7,34555E+13","7,34555E+13"
Bocinas,0,BOCINA MOREKA 410 TORNAZUL,1,Moreka,0,,1,"7,06204E+13","7,06204E+13"
Bocinas,0,BOCINA MOREKA 410 VERDE,1,Moreka,0,,1,"7,06204E+13","7,06204E+13"
Bocinas,0,BOCINA MOREKA A40,0,Moreka,0,AZUL/NARANJA,0,"7,68259E+13","7,68259E+13"
Bocinas,0,BOCINA MOREKA A40,0,Moreka,0,BEIGE/VERDE,0,"7,68259E+13","7,68259E+13"
Bocinas,0,BOCINA MOREKA A40,0,Moreka,0,NEGRO/GRIS,0,"7,67907E+13","7,67907E+13"
Bocinas,0,BOCINA MOREKA A40,0,Moreka,0,ROSA/AZUL,0,"7,68259E+13","7,68259E+13"
Bocinas,0,BOCINA MOREKA A44,0,Moreka,0,AZUL/NARANJA,0,"7,68258E+13","7,68258E+13"
Bocinas,0,BOCINA MOREKA A44,0,Moreka,0,BEIGE/VERDE,0,"7,68258E+13","7,68258E+13"
Bocinas,0,BOCINA MOREKA A44,0,Moreka,0,NEGRO/GRIS,0,"7,67907E+13","7,67907E+13"
Bocinas,0,BOCINA MOREKA A44,0,Moreka,0,ROSA/AZUL,0,"7,68258E+13","7,68258E+13"
Bocinas,0,BOCINA MOREKA A53,0,Moreka,0,,0,"7,67907E+13","7,67907E+13"
Bocinas,0,BOCINA MOREKA M 381,0,Moreka,0,BLANCO,0,"7,55112E+13","7,55112E+13"
Bocinas,0,BOCINA MOREKA M 381,0,Moreka,0,NEGRO,0,"7,55112E+13","7,55112E+13"
Bocinas,0,BOCINA MOREKA M 381,0,Moreka,0,VERDE,0,"7,55112E+13","7,55112E+13"
Bocinas,0,Bocina Moreka mini4+,0,Moreka,0,Azul,0,"7,22028E+13","7,22028E+13"
Bocinas,0,Bocina Moreka mini4+,0,Moreka,0,Negro,0,"7,22028E+13","7,22028E+13"
Bocinas,0,Bocina Moreka mini4+,0,Moreka,0,Rojo,0,"7,22028E+13","7,22028E+13"
Bocinas,0,Bocina Moreka mini4+,0,Moreka,0,Verde,0,"7,15907E+13","7,15907E+13"
Bocinas,0,BOCINA MOREKA+ INALAMBRICA A25,0,Moreka,0,AZUL,0,"7,45272E+13","7,45272E+13"
Bocinas,0,BOCINA MOREKA+ INALAMBRICA A25,0,Moreka,0,GRIS,0,"7,45272E+13","7,45272E+13"
Bocinas,0,BOCINA MOREKA+ INALAMBRICA A25,0,Moreka,0,NEGRO,0,"7,45272E+13","7,45272E+13"
Bocinas,0,BOCINA NEBRO WG-134 BT V5.4 DURACION 4-5H CARGA TIPO C RANGO 10-33?? CARGA EN 2 HRS IPX 6,0,NEBRO,0,AZUL,0,"7,81502E+13","7,81502E+13"
Bocinas,0,BOCINA NEBRO WG-134 BT V5.4 DURACION 4-5H CARGA TIPO C RANGO 10-33?? CARGA EN 2 HRS IPX 6,0,NEBRO,0,NEGRO,0,"7,81501E+13","7,81501E+13"
Bocinas,0,BOCINA NEBRO WG-134 BT V5.4 DURACION 4-5H CARGA TIPO C RANGO 10-33?? CARGA EN 2 HRS IPX 6,0,NEBRO,0,ROJO,0,"7,81502E+13","7,81502E+13"
Bocinas,0,BOCINA NEBRO WG-134 BT V5.4 DURACION 4-5H CARGA TIPO C RANGO 10-33?? CARGA EN 2 HRS IPX 6,0,NEBRO,0,VERDE,0,"7,81502E+13","7,81502E+13"
Bocinas,0,BOCINA RADIO MOREKA 227,0,Moreka,0,MARRON,0,"7,63841E+13","7,63841E+13"
Bocinas,0,BOCINA RADIO MOREKA 227,0,Moreka,0,MARRON/DORADO,0,"7,63841E+13","7,63841E+13"
Bocinas,0,BOCINA RADIO MOREKA 227,0,Moreka,0,ROJO/DORADO,0,"7,63841E+13","7,63841E+13"
Bocinas,0,BOCINA WG-139,0,NEBRO,0,Negro,0,"7,78263E+13","7,78263E+13"
Bocinas,0,BOCINABLUETOOTH MOREKA 436,0,Moreka,0,AZUL,0,"7,62897E+13","7,62897E+13"
Bocinas,0,BOCINABLUETOOTH MOREKA 436,0,Moreka,0,GRIS,0,"7,62897E+13","7,62897E+13"
Bocinas,0,BOCINABLUETOOTH MOREKA 436,0,Moreka,0,NEGRO,0,"7,62897E+13","7,62897E+13"
Bocinas,0,,0,Moreka,0,NEGRO,0,"7,37835E+13","7,37835E+13"
Bocinas,0,BOCINAS PORTATIL FS R207L FOL,0,Moreka,0,Negro,0,"7,67205E+13","7,67205E+13"
Bocinas,0,TRIPIES PARA BOCINA A21,0,Moreka,0,NEGRO,0,"7,66089E+13","7,66089E+13"
Bocinas,0,wg-184,0,NEBRO,0,azul,0,"7,83721E+13","6,97726E+12"
Bocinas,0,wg-184,0,NEBRO,0,verde,0,"7,83721E+13","7,83721E+13"
Cable,0,CABLE AUXILIAR AU-02,0,Moreka,0,MULTICOLOR,0,"7,46054E+13","7,46054E+13"
Cable,0,CABLE AUXILIAR AU-04 3.5MMA 3.5MM MULTICOLOR 1.5MTS,0,Moreka,0,,0,"7,26001E+13","7,26001E+13"
Cable,0,CABLE CARGA 4EN 1 65W CB-050,0,Moreka,0,NEGRO,0,"7,68259E+13","7,68259E+13"
Cable,0,cable con pantalla digital 60w 1.2m usb/c nebro Modelo WD309T,0,NEBRO,0,Negro,0,"7,77487E+13","7,77487E+13"
Cable,0,CABLE DE DATO Y CARGA WD-112,0,NEBRO,0,Negro,0,"7,78263E+13","7,78263E+13"
Cable,0,CABLE DE DATO Y CARGA WD-113,0,NEBRO,0,Negro,0,"7,78263E+13","7,78263E+13"
Cable,0,CABLE DE DATOS TIPO C LINGHTNING 2M CB-47,0,Moreka,0,BLANCO,0,"7,52085E+13","7,52085E+13"
Cable,0,CABLE METAL TRENZADO NEBRO DE DATO Y CARGA WD-114T C - C SALLIDA 4.0A 1.2 MTS,0,NEBRO,0,Azul,0,"7,80526E+13","7,80526E+13"
Cable,0,CABLE METAL TRENZADO NEBRO DE DATO Y CARGA WD-114T C - C SALLIDA 4.0A 1.2 MTS,0,NEBRO,0,Blanco,0,"7,80526E+13","7,80526E+13"
Cable,0,CABLE METAL TRENZADO NEBRO DE DATO Y CARGA WD-114T C - C SALLIDA 4.0A 1.2 MTS,0,NEBRO,0,Negro,0,"7,78263E+13","7,78263E+13"
Cable,0,CABLE METAL TRENZADO NEBRO DE DATO Y CARGA WD-114T C - C SALLIDA 4.0A 1.2 MTS,0,NEBRO,0,Rojo,0,"7,80526E+13","7,80526E+13"
Cable,0,CABLE METAL TRENZADO NEBRO DE DATO Y CARGA WD-305T USB - C SALIDA 3.0A DE 1.2 MTS,0,NEBRO,0,Azul,0,"7,80527E+13","7,80527E+13"
Cable,0,CABLE METAL TRENZADO NEBRO DE DATO Y CARGA WD-305T USB - C SALIDA 3.0A DE 1.2 MTS,0,NEBRO,0,Blanco,0,"7,80527E+13","7,80527E+13"
Cable,0,CABLE METAL TRENZADO NEBRO DE DATO Y CARGA WD-305T USB - C SALIDA 3.0A DE 1.2 MTS,0,NEBRO,0,Negro,0,"7,77487E+13","7,77487E+13"
Cable,0,CABLE METAL TRENZADO NEBRO DE DATO Y CARGA WD-305T USB - C SALIDA 3.0A DE 1.2 MTS,0,NEBRO,0,Rojo,0,"7,80527E+13","7,80527E+13"
Cable,0,CABLE METAL TRENZADO NEBRO DE DATOS 2 EN 1 TIPO C- TIPO C /IP WD-319 100W DE 1.5 MTS SALIDA DE 5..0A,1,NEBRO,0,PLATA,1,"7,76211E+13","7,76211E+13"
Cable,0,CABLE SILICONA NEBRO DE DATO Y CARGA WD-010TT DE C - C DE 5A DE 1MTS,0,NEBRO,0,Beige,0,"7,80526E+13","7,80526E+13"
Cable,0,CABLE SILICONA NEBRO DE DATO Y CARGA WD-010TT DE C - C DE 5A DE 1MTS,0,NEBRO,0,Morado,0,"7,80526E+13","7,80526E+13"
Cable,0,CABLE SILICONA NEBRO DE DATO Y CARGA WD-010TT DE C - C DE 5A DE 1MTS,0,NEBRO,0,Negro,0,"7,78263E+13","7,78263E+13"
Cable,0,CABLE SILICONA NEBRO DE DATO Y CARGA WD-010TT DE C - C DE 5A DE 1MTS,0,NEBRO,0,Rosa,0,"7,80526E+13","7,80526E+13"
Cable,0,CABLE SILICONA NEBRO DE DATO Y CARGA WD-302TL TIPO C A IP SALIDA 3.0A  DE 1.2 MTS,0,NEBRO,0,Blanco,0,"7,80527E+13","7,80527E+13"
Cable,0,CABLE SILICONA NEBRO DE DATO Y CARGA WD-302TL TIPO C A IP SALIDA 3.0A  DE 1.2 MTS,0,NEBRO,0,Negro,0,"7,77487E+13","7,77487E+13"
Cable,0,Cable Tipo V8 CB-06 2.5 A Cable LED de 1 M,0,Moreka,0,Multicolor,0,CABMORMULCB-06,"6,93407E+13"
Cable,0,CABLE TPE NEBRO DE DATO Y CARGA WD-012L USB - IP SALIDA 2.4A 1.2 MTS,0,NEBRO,0,Blanco,0,"7,80526E+13","7,80526E+13"
Cable,0,CABLE TPE NEBRO DE DATO Y CARGA WD-012L USB - IP SALIDA 2.4A 1.2 MTS,0,NEBRO,0,Negro,0,"7,78263E+13","7,78263E+13"
Cable,0,CABLE WD-25L,1,NEBRO,0,Negro,1,"7,78263E+13","7,78263E+13"
Cable,0,CABLETRENZADO DE DATO Y CARGA WD-117L DE 100W DE C A IP CON DISPLAY HORIZONTAL DE CARGA,0,NEBRO,0,Negro,0,"7,78263E+13","7,78263E+13"
Cable,0,CABLETRENZADO DE DATO Y CARGA WD-117L DE 100W DE C A IP CON DISPLAY HORIZONTAL DE CARGA,0,NEBRO,0,Rojo,0,"7,80526E+13","7,80526E+13"
Cargador,0,cargador 15w inalambrico entrada c cable usb/c nebro Modelo VGA015,1,NEBRO,0,Negro,1,"7,77487E+13","7,77487E+13"
Cargador,0,CARGADOR 3.0 18W V8 CARGA RAPIDA,1,Moreka,0,,1,"7,37586E+13","7,37586E+13"
Cargador,0,CARGADOR 40W/C+C 1M/C A C DHJ40,0,Moreka,0,BLANCO,0,"7,64453E+13","7,64453E+13"
Cargador,0,CARGADOR 40W/C+C 1M/C A C DHJ40,0,Moreka,0,NEGRO,0,"7,64453E+13","7,64453E+13"
Cargador,0,Cargador cp0015,0,Moreka,0,Negro,0,"7,63659E+13","7,63659E+13"
Cargador,0,cargador entrada usb 2.4 con cable usb/ip nebro Modelo VGA008,1,NEBRO,0,Negro,1,"7,77487E+13","7,77487E+13"
Cargador,0,CARGADOR M 801 3.0 3USB,0,Moreka,0,,0,"7,22896E+13","7,22896E+13"
Cargador,0,Cargador magnetico WXC-0001,0,Moreka,0,variedad de color,0,"7,084E+13","7,084E+13"
Cargador,0,CARGADOR PARA RELOJ MOREKA MSK15,0,Moreka,0,,0,"7,70485E+13","7,70485E+13"
Cargador,0,CARGADOR VGA-027,0,NEBRO,0,Blanco,0,"7,80525E+13","7,80525E+13"
Cargador,0,CARGADOR VGA-027,0,NEBRO,0,Negro,0,"7,80525E+13","7,80525E+13"
Cargador,0,CARGADOR VGA-052,0,NEBRO,0,Blanco,0,"7,80524E+13","7,80524E+13"
Cargador,0,CARGADOR VGA-054,0,NEBRO,0,Negro,0,"7,77487E+13","7,77487E+13"
Cargador,0,CARGADOR VGB-01L,0,NEBRO,0,BLANCO,0,"7,61005E+13","7,61005E+13"
Cargador,0,CARGADOR VGB-01L,0,NEBRO,0,NEGRO,0,"7,61005E+13","7,61005E+13"
Cargador,0,CARGADOR VGB-01M,0,NEBRO,0,Blanco,0,"7,80524E+13","7,80524E+13"
Cargador,0,CARGADOR VGB-01M,0,NEBRO,0,Negro,0,"7,80524E+13","7,80524E+13"
Cargador,0,cubo cargador 12w 2 entradas usb/c nebro Modelo VGA051,0,NEBRO,0,Negro,0,"7,77487E+13","7,77487E+13"
Cargador,0,cubo cargador 2.4 entrada usb nebro Modelo VGA050,0,NEBRO,0,Negro,0,"7,77487E+13","7,77487E+13"
Cargador,0,cubo cargador GaN 35w con 2 entradas usb/c con patas pegables nebro Modelo VGA035,0,NEBRO,0,Negro,0,"7,77487E+13","7,77487E+13"
Cargador,0,PANEL SOLAR 15W MOREKA MOR-120,0,Moreka,0,NEGRO,0,"7,80954E+13","7,80954E+13"
Cargador De Auto,0,Cargador De Carro Moreka CP0077 Plug In 45W  C-C,0,Moreka,0,Gris,0,"6,95849E+13","6,95849E+13"
Cargador De Auto,0,Cargador De Carro Moreka CP0077 Plug In 45W  C-C,0,Moreka,0,Negro,0,"6,95848E+13","6,95848E+13"
Cargador De Auto,0,CARGADOR PARA AUTO 66W MOREKA CP0091B,0,Moreka,0,GRIS,0,"7,76378E+13","7,76378E+13"
Cargador De Auto,0,CARGADOR PARA AUTO 66W MOREKA CP0091B,0,Moreka,0,NEGRO,0,"7,76378E+13","7,76378E+13"
Cargador De Auto,0,CARGADOR REPRODUCTOR MP3 PARA AUTO MOREKA CP0092,0,Moreka,0,NEGRO,0,"7,81642E+13","7,81642E+13"
Cargador De Auto,0,Paquete de 10 cargadores de carro CP007 45W USB Tipo C,0,Moreka,0,,0,"6,82519E+13","6,82519E+13"
Cargador De Auto,0,Paquete de 10 Cargadores de Carro CP010 45W USB Tipo C,0,Moreka,0,,0,"6,82519E+13","6,82519E+13"
Cargador De Auto,0,Paquete de 10 cargadores de Carro MOREKA CP006 45W USB Tipo C,0,Moreka,0,,0,"6,82518E+13","6,82518E+13"
Cargador De Auto,0,Paquete de 10 Cargadores de Carro MOREKA CP008 45W USB Tipo C,0,Moreka,0,,0,"6,82519E+13","6,82519E+13"
Cargador De Auto,0,Paquete de 10 Cargadores de Carro MOREKA CP009 45W USB Tipo C,0,Moreka,0,,0,"6,82518E+13","6,82518E+13"
Cargador de pared,0,Kit 10 Cargadores Turbo 2 Puertos Usb Y Cable iPhone Ac107,0,Moreka,0,,0,8016,"7,5708E+13"
Cargador de pared,0,Kit 10 Cargadores Turbo 40w 2 Puertos C Cable iPhone Cc23,0,Moreka,0,,0,8019,"7,57081E+13"
Cargador de pared,0,Paquete 10 Cargador 40w 2 Puertos Pd20w Y Qc 3.0 20w,0,Moreka,0,,0,11846,"7,5708E+13"
Cargador de pared,0,Paquete de 10 cargadores D4 3.5A Compatible con android tipo C,0,Moreka,0,,0,"7,38346E+13","7,38346E+13"
Cargador de pared,0,paquete de 10 cubo cargador d4 3.5A carga rapida,0,Moreka,0,,0,"7,38425E+13","7,38425E+13"
Cargador de pared,0,Paquete de 100 cargadores D4 3.5A Compatible con android tipo C,0,Moreka,0,,0,"7,38346E+13","7,38346E+13"
Cargador de pared,0,Paquete de 100 cubo cargador D4 3.5A carga r??pida,0,Moreka,0,,0,"7,38426E+13","7,38426E+13"
Cargador de pared,0,Paquete de 20 cargadores D4 3.5A Compatible con android tipo C,0,Moreka,0,,0,"7,38346E+13","7,38346E+13"
Cargador de pared,0,Paquete de 20 cubo cargador D4 3.5A carga r??pida,0,Moreka,0,,0,"7,38426E+13","7,38426E+13"
Cargador de pared,0,Paquete de 50 cargadores D4 3.5A Compatible con android tipo C,0,Moreka,0,,0,"7,38346E+13","7,38346E+13"
Cargador de pared,0,paquete de 50 cargadores MR1275 10W,0,Moreka,0,,0,mr1275-50pz,"6,88585E+13"
Cargador de pared,0,Paquete de 50 cubo cargador D4 3.5A carga r??pida,0,Moreka,0,,0,"7,38426E+13","7,38426E+13"
Casa y Jardin,0,EXHIBIDOR PARA CARGADORES MOREKA,0,Moreka,0,BLANCO,0,"7,58396E+13","7,58396E+13"
De pared,0,CARGADOR VGA-007,0,NEBRO,0,Negro,0,"7,78263E+13","7,78263E+13"
De pared,0,CARGADOR VGA-053,0,NEBRO,0,Negro,0,"7,78263E+13","7,78263E+13"
De pared,0,CARGADOR VGA-056,0,NEBRO,0,Negro,0,"7,78263E+13","7,78263E+13"
De pared,0,CARGADOR VGAB-01L,0,NEBRO,0,Negro,0,"7,78263E+13","7,78263E+13"
De pared,0,CARGADOR VGAB-01M,0,NEBRO,0,Negro,0,"7,78263E+13","7,78263E+13"
De pared,0,CARGADOR VGB-01T,0,NEBRO,0,Blanco,0,"7,80524E+13","7,80524E+13"
De pared,0,CARGADOR VGB-01T,0,NEBRO,0,Negro,0,"7,78263E+13","7,78263E+13"
Electronica,0,CABLE DE EXTENSION PARA INTERIOR Y EXTERIOR MOREKA CHS15,0,Moreka,0,NARANJA,0,"7,78097E+13","7,78097E+13"
Electronica,0,MOR-2302B FOCO SOLAR PORTATIL 400W,0,Moreka,0,NEGRO,0,"7,72135E+13","7,72135E+13"
Electronica,0,Mouse Moreka MW-05,0,Moreka,0,Azul,0,MOUMORAZUMW-05,"6,94013E+13"
Electronica,0,Mouse Moreka MW-05,0,Moreka,0,Gris,0,MOUMORGRIMW-05,"6,94013E+13"
Electronica,0,Mouse Moreka MW-05,0,Moreka,0,Negro,0,MOUMORNEGMW-05,"6,94013E+13"
Electronica,0,Mouse Moreka MW-05,0,Moreka,0,Rojo,0,MOUMORROJMW-05,"6,94013E+13"
Electronica,0,MS-E250W,0,Moreka,0,,0,"7,69712E+13","7,69712E+13"
Electronica,0,MULTICONTACTO MOREKA MC-622U,0,Moreka,0,BLANCO,0,"7,79755E+13","7,79755E+13"
Electronica,0,Tira Luz led NE??N Ip65 Flexible Bluetooth De 5m 1305,1,Moreka,0,Multicolor,1,"6,96448E+13","6,96448E+13"
EXHIBIDOR,0,EXHIBIDOR DE CARGADOR MOREKA,0,Moreka,0,TRASPARENTE,0,"7,81284E+13","7,81284E+13"
Gamer,0,Game boy tv & game stick HDMI con resoluci??n ful HD y 2 Joystick controles inal??mbricos,0,Moreka,0,Negro,0,GAMMORNE-X8,"6,94289E+13"
Gamer,0,Mini consola port??til de videojuegos retro 8 bit con 400 juegos,0,Moreka,0,,0,"6,85641E+13","6,85641E+13"
Hogar y Jardin,0,Aire acondicionado ARTIC Moreka TIC290,0,Moreka,0,Blanco-Negro,0,"7,16932E+13","7,16932E+13"
Hogar y Jardin,0,EXHIBIDOR DE SMART  RELOJ MOREKA,0,Moreka,0,,0,"7,57539E+13","7,57539E+13"
Hogar y Jardin,0,Masajeador de cuello ac203,0,Moreka,0,Negro ,0,"7,04322E+13","7,04322E+13"
Hogar y Jardin,0,Pila JIABAO AA05-12,0,Moreka,0,Blanco,0,"7,16932E+13","7,16932E+13"
Hogar y Jardin,0,Plancha peine Moreka XR-525 electrico,0,Moreka,0,Negro,0,"7,16858E+13","7,16858E+13"
Hogar y Jardin,0,RASURADORA W 34,0,Moreka,0,,0,"7,44047E+13","7,44047E+13"
Hogar y Jardin,0,Tiras LED M2835-001,0,Moreka,0,Variedad,0,"7,10534E+13","7,10534E+13"
Hogar y Jardin,0,Trapeador TB0358,0,Moreka,0,,0,"6,99478E+13","6,99478E+13"
Iluminaci??n,0,Aro de Luz 30cm,0,Moreka,0,Blanco,0,"7,02072E+13","7,02072E+13"
Iluminaci??n,0,ILUMINACION SOLAR PORTATIL FOCO PROYECTOR MOR 2306B 450W,0,Moreka,0,,0,"7,20221E+13","7,20221E+13"
Iluminaci??n,0,LAMPARA DE ESCRITORIO MD-203,0,Moreka,0,,0,"7,6368E+13","7,6368E+13"
Iluminaci??n,0,LAMPARA MS-E200W,0,Moreka,0,,0,"7,63675E+13","7,63675E+13"
Iluminaci??n,0,L??mpara myj-330,0,Moreka,0,Blanco,0,"7,00243E+13","7,00243E+13"
Iluminaci??n,0,LAMPARA RECARGABLE SQ-818,0,Moreka,0,,0,"7,63678E+13","7,63678E+13"
Iluminaci??n,0,L??mpara SQ-189,0,Moreka,0,Blanco,0,"7,00852E+13","7,00852E+13"
Iluminaci??n,0,LAMPARAS LUZ DE CALLE SOLAR  100W 12000MA MOREKA MOR-100W NEGRO,0,Moreka,0,NEGRO,0,"7,76543E+13","7,76543E+13"
Iluminaci??n,0,LINTERNA MT 019,0,Moreka,0,NEGRA,0,"7,44047E+13","7,44047E+13"
Iluminaci??n,0,MOR-1300W,0,Moreka,0,NEGRO,0,"7,65575E+13","7,65575E+13"
Iluminaci??n,0,MOR-2206A,0,Moreka,0,,0,"7,57192E+13","7,57192E+13"
Iluminaci??n,0,Paquete De 3 L??mpara De Cabeza Linterna Minero M-g28,0,Moreka,0,,0,7846,"7,57082E+13"
lampara,0,L??MPARA MINERA M801-S,1,Moreka,0,,1,"7,09149E+13","7,09149E+13"
lampara,0,LAMPARA MS-E100W,0,Moreka,0,NEGRO,0,"7,65575E+13","7,65575E+13"
lampara,0,,0,Moreka,0,,0,"7,09248E+13","7,09248E+13"
lampara,0,LINTERNA LASER BLANCA MOREKA MT-027,0,Moreka,0,NEGRO,0,"7,81905E+13","7,81905E+13"
lampara,0,LINTERNA RECARGABLE LED 30W MOREKA MT-019,0,Moreka,0,NEGRO,0,"7,81905E+13","7,81905E+13"
LAMPARAS,0,LAMPARA SOLOR 60W MOREKA MOR-60H,0,Moreka,0,NEGRO,0,"7,83105E+13","7,83105E+13"
Lightning,0,LINTERNA M-515T,0,Moreka,0,NEGRO,0,"7,55117E+13","7,55117E+13"
Lightning,0,LINTERNA MT-020,0,Moreka,0,NEGRO,0,"7,55117E+13","7,55117E+13"
Lightning,0,LINTERNA MT-021,0,Moreka,0,NEGRO,0,"7,55117E+13","7,55117E+13"
Lightning,0,LINTERNA MT-022,0,Moreka,0,NEGRO,0,"7,55117E+13","7,55117E+13"
Lightning,0,LINTERNA MT-T015,0,Moreka,0,MULTICOLOR,0,"7,55118E+13","7,55118E+13"
Material POP,0,Bolsas Moreka,0,Moreka,0,Verde,0,BOLMORVER-BOL,"6,97152E+13"
Material POP,0,Estuche de colores MKB042,0,Moreka,0,Variedad de colores,0,"7,15177E+13","7,15177E+13"
Material POP,0,Mochila  OSO JB-611,0,Moreka,0,Variedad de color,0,"7,15177E+13","7,15177E+13"
Material POP,0,Mu??ecos JM-097,0,Moreka,0,Variedad de colores,0,"7,13532E+13","7,13532E+13"
Material POP,0,Vaso Moreka LD,0,Moreka,0,variedad de color,0,"7,16254E+13","7,16254E+13"
Power Bank,0,Paquete de 2 Power bank k063 Negro,0,Moreka,0,,0,PAQ2K063,"7,23565E+13"
Power Bank,0,Paquete de 2 power bank k064,0,Moreka,0,,0,PAQ2K064,"7,23565E+13"
Power Bank,0,Paquete de 4 power bank k064,0,Moreka,0,,0,PAQ4K064,"7,23565E+13"
Power Bank,0,Power Bank 067,0,Moreka,0,Blanco,0,"7,1287E+13","7,1287E+13"
Power Bank,0,Power Bank 067,0,Moreka,0,Negro,0,"7,1287E+13","7,1287E+13"
Power Bank,0,POWER BANK 20000mAh K104,0,Moreka,0,BLANCO,0,"7,66093E+13","7,66093E+13"
Power Bank,0,POWER BANK 20000mAh K104,0,Moreka,0,NEGRO,0,"7,66093E+13","7,66093E+13"
Power Bank,0,Power bank K059,0,Moreka,0,Blanco,0,"7,12868E+13","7,12868E+13"
Power Bank,0,Power bank K059,0,Moreka,0,Negro,0,"7,12868E+13","7,12868E+13"
Power Bank,0,POWER BANK K083,0,Moreka,0,BLANCO,0,"7,64381E+13","7,64381E+13"
Power Bank,0,POWER BANK K083,0,Moreka,0,NEGRO,0,"7,64381E+13","7,64381E+13"
Power Bank,0,POWER BANK K083,0,Moreka,0,ROSA,0,"7,64381E+13","7,64381E+13"
Power Bank,0,POWER BANK K083,0,Moreka,0,VERDE,0,"7,64381E+13","7,64381E+13"
Power Bank,0,Power bank K67,0,Moreka,0,Blanco,0,"7,12869E+13","7,12869E+13"
Power Bank,0,Power bank K67,0,Moreka,0,Negro,0,"7,12869E+13","7,12869E+13"
Power Bank,0,POWER BANK PORTATIL 10000mAh MOREKA K113,0,Moreka,0,GRIS,0,"7,81642E+13","7,81642E+13"
Power Bank,0,POWER BANK PORTATIL 10000mAh MOREKA K113,0,Moreka,0,NARANJA,0,"7,81642E+13","7,81642E+13"
Power Bank,0,POWER BANK PORTATIL 10000mAh MOREKA K113,0,Moreka,0,NEGRO,0,"7,81642E+13","7,81642E+13"
Power Bank,0,Power banks 69,0,Moreka,0,Blanco,0,"7,12871E+13","7,12871E+13"
Power Bank,0,Power banks 69,0,Moreka,0,Negro,0,"7,12871E+13","7,12871E+13"
Power Bank,0,Powerbank Moreka K058 5000 mAh Tipo C,0,Moreka,0,Blanco,0,"6,86237E+13","6,86237E+13"
Power Bank,0,Powerbank Moreka K058 5000 mAh Tipo C,0,Moreka,0,Negro,0,"6,86237E+13","6,86237E+13"
Power Bank,0,SISTEMA DE ILUMINACION MOR C17,1,Moreka,0,VERDE/NEGRO,1,"7,43728E+13","7,43728E+13"
Power Bank,0,SISTEMA DE ILUMINACION SOLAR MOREKA MOR-C88FM,0,Moreka,0,NEGRO,0,"7,81375E+13","7,81375E+13"
Servicio,0,Membresia Moreka Sellers Club,0,Moreka,0,,0,"7,22043E+13","7,22043E+13"
Sin Tipo,0,Modelo VA001S,1,NEBRO,0,Negro,1,"7,77487E+13","7,77487E+13"
Sin Tipo,0,Modelo WB004,0,NEBRO,0,Negro,0,"7,77487E+13","7,77487E+13"
Sin Tipo,0,Modelo WE015,0,NEBRO,0,Negro,0,"7,77487E+13","7,77487E+13"
SMART,0,EXTENCIBLE VARIOS,0,Moreka,0,,0,"7,70853E+13","7,70853E+13"
Smart Watch,0,Reloj inteligente  ULTRA2 WLR4 BIG 1.99 DISPLAY,0,Moreka,0,Blanco,0,"7,16835E+13","7,16835E+13"
Smart Watch,0,Reloj inteligente  ULTRA2 WLR4 BIG 1.99 DISPLAY,0,Moreka,0,Naranja,0,"7,22985E+13","7,22985E+13"
Smart Watch,0,Reloj inteligente  ULTRA2 WLR4 BIG 1.99 DISPLAY,0,Moreka,0,negro,0,"7,23762E+13","7,23762E+13"
Smart Watch,0,Reloj inteligente  ULTRA2 WLR4 BIG 1.99 DISPLAY,0,Moreka,0,Rosa,0,"7,22985E+13","7,22985E+13"
Smart Watch,0,Reloj inteligente i25 Pro,0,Moreka,0,Blanco,0,"7,06038E+13","7,06038E+13"
Smart Watch,0,Reloj inteligente i25 Pro,0,Moreka,0,Multicolor,0,"7,06016E+13","7,06016E+13"
Smart Watch,0,Reloj inteligente i25 Pro,0,Moreka,0,Negro,0,"7,06038E+13","7,06038E+13"
Smart Watch,0,Reloj inteligente i25 Pro,0,Moreka,0,Rosa,0,"7,06038E+13","7,06038E+13"
Smart Watch,0,Reloj inteligente Ultra 7+1,0,Moreka,0,AZUL,0,"7,369E+13","7,369E+13"
Smart Watch,0,Reloj inteligente Ultra 7+1,0,Moreka,0,BLANCO,0,"7,369E+13","7,369E+13"
Smart Watch,0,Reloj inteligente Ultra 7+1,0,Moreka,0,NARANJA,0,"7,0542E+13","7,0542E+13"
Smart Watch,0,Reloj inteligente Ultra 7+1,0,Moreka,0,NEGRO,0,"7,369E+13","7,369E+13"
Soporte,0,SOPORTE WAT095,0,NEBRO,0,Negro,0,"7,78263E+13","7,78263E+13"
Soportes,0,SOPORTE PARA CELULAR DE CARRO MH-72D,0,Moreka,0,NEGRO,0,"7,51572E+13","7,51572E+13"
Soportes,0,SOPORTE PARA CELULAR MH 71C,0,Moreka,0,NEGRO,0,"7,48545E+13","7,48545E+13"
ventilador,0,Ventilador MOD-8012,0,Moreka,0,Variedad de color,0,"7,16254E+13","7,16254E+13"
ventilador,0,Ventilador panel Solar GD-936S,0,Moreka,0,Blanco,0,"7,15281E+13","7,15281E+13"
