SKU,Price,Wholesale price
11846,275,228
11862,450,380
123456789,5,4
12843957-NEGRO,128,109
12843957-VERDE,128,109
20189629-black,35,29.25
22187150-blue-LAGOM,129,78
22187150-pink-LAGOM,129,78
22187150-white-LAGOM,129,78
25386701-Morado,142,120
25386701-Rosa,142,120
25386701-negro,142,120
25386701-verde,142,120
29459592-j6-black,153,128.82
29459592-j6-blue,153,128.82
29459592-j6-green,153,128.82
29459592-j6-orange,153,128.82
29459592-j6-pink,153,128.82
29459592-j6-white,153,128.82
34322441-gold,20,17.56
38218762322821,22,18
38219053760705,21,18
38219107074241,24,20.52
38219107107009,24,20.52
38219107139777,24,20.52
38219107172545,24,20.52
38223455584449,31,25.65
38223455617217,31,25.65
38223455649985,31,25.65
38223942254785,20,17.1
38223942287553,20,17.1
38223942320321,20,17.1
38223942353089,20,17.1
38224145875137,23,19
38224346120385,15,12
38224346153153,15,12
38224346185921,15,12
38224346186241,15,12
38224346218689,15,12
38224679043265,30,24.92
38224787374273,11,10
38225308451009,147,124.26
38225308483777,147,124.26
38225308516545,147,124.26
38225308549313,147,124.26
38225587994817,30,24.51
39608246993089,142,119.7
39608247189697,142,119.7
39608271372481,130,109.44
39608315805889,144,121.98
39608315838657,144,121.98
39608315871425,144,121.98
39608363352257,75,63
39608363385025,75,63
39608363417793,75,63
39608363450561,75,63
39676536422593,27,22.8
39676552904897,43,36.48
39730067013825,99,83.22
39730067046593,99,83.22
39730067079361,99,83.22
39730067112129,99,83.22
39730151620801,130,109.44
39761559781569,144,121.98
39761769365697,14,11
39761769398465,14,11
39761769431233,14,11
39761984323777,11,9.12
39761984356545,11,9.12
39761984389313,11,9.12
39761984422081,11,9.12
39761984454849,11,9.12
39761984455683,11,9.12
39769796640961,24,20.52
39769796673729,24,20.52
39802194329793,22,17.67
39802194362561,22,17.67
39802194395329,22,17.67
39802201309377,176,148.2
39802201342145,176,148.2
39802201374913,176,148.2
39814584926401,8,7
39814584959169,8,7
39814584991937,8,7
39938623307969,14,11
39940795498689,115,96.9
39940795531457,115,96.9
39940795564225,115,96.9
39979425464513,34,28.99
39982305771713,92,78
39982305804481,92,78
39982305837249,92,78
39982305870017,92,78
39982305870374,92,78
40046953496769,7,5.7
40051819086017,115,96.9
40055668408513,8,7
40055796138177,12,10.32
40055796170945,12,10.32
40055796203713,12,10.32
40055796236481,12,10.32
40055796237328,12,10.32
40056338809025,130,109.44
40061505110209,176,148.2
40061505142977,176,148.2
40061505208513,176,148.2
40063386353857,7,5.7
40063537152193,22,17.67
40063537184961,22,17.67
40063537217729,22,17.67
40063537250497,22,17.67
40076829982913,22,17.67
40076830015681,22,17.67
40076830048449,22,17.67
40407936598209,45,37.62
40788923252929,12,10.26
40789948006593,102,86
40789948006594,102,86
40837514395841,196,165.3
40837514428609,196,165.3
40837514461377,196,165.3
40841226027201,211,177.84
40841226059969,211,177.84
40841226092737,211,177.84
40841226125505,211,177.84
40841226158273,211,177.84
40841226191041,211,177.84
40841226223809,211,177.84
40841226256577,211,177.84
40861407871169,198,167.07
40864042516673,96,80.59
40864042549441,96,80.59
40864042582209,96,80.59
40864042614977,96,80.59
40864042647745,96,80.59
40864042680513,96,80.59
40893137387713,61,55
40893137420481,61,55
40893137453249,61,55
40902512902337,142,119.7
40902512935105,142,119.7
40902662848705,142,119.7
40944505553089,14,11
40952461099201,53,45
40952461131969,53,45
40952461164737,53,45
40952461230273,53,45
40952461263041,53,45
40952585355457,53,45
40952585388225,53,45
40952585420993,53,45
40952585453761,53,45
40952585486529,53,45
40952635097281,78,66.12
40952635130049,78,66.12
40952635162817,78,66.12
40952635195585,78,66.12
40952635228353,78,66.12
40952648696001,130,109.44
40952648728769,130,109.44
40952648761537,130,109.44
40952648794305,130,109.44
40973581877441,297,250.8
40973581910209,297,250.8
40973581942977,297,250.8
40973581975745,297,250.8
42042779959543,176,148.2
42074019234039,130,109.44
42086038044919,34,28.01
42086038077687,34,28.01
42090677141751,130,109.44
42108781166839,1,1.14
42113593934071,53,45
42113593966839,121,112
42113670086903,31,26.22
42128458449143,366,308.59
42128463986935,366,308.59
42128476995831,311,262.4
42135825285367,180,151.34
42136311070967,14,10.83
42150341542135,181,152.76
42150341607671,181,152.76
42156487082231,159,134.52
42156496355575,243,205
42156496388343,243,205
42156496453879,243,205
42156496486647,227,192
42187175198967,22,17.67
42200429691127,107,90.06
42200429723895,107,90.06
42200429789431,107,90.06
42218964713719,181,152.76
42218964746487,181,152.76
42218964779255,181,152.76
42266508132599,24,19
42266526449911,135,114
42266526482679,135,114
42266526515447,135,114
42266526548215,135,114
42266543784183,61,52
42282470768887,159,134.52
42282473423095,159,134.52
42282473423673,169,142.5
42282553606391,1173,990.62
42282624516343,324,273.6
42325304672503,282,238
42422717251831,14,11
42422717284599,14,11
42422717317367,14,11
42435413180663,7,5.7
42435416555767,7,5.7
42435416556656,7,5.7
42485536489719,8,7
42485536522487,8,7
42485536555255,8,7
42485536588023,8,7
42683721253111,108,91
42683721253112,108,91
42694766788855,65,54.72
42694766821623,65,54.72
42694766854391,65,54.72
42695025492215,65,54.72
42695025524983,65,54.72
42896517955831,23,19.38
42896517988599,23,19.38
42896518021367,23,19.38
43068323234039,53,45
43068323266807,53,45
43068323299575,53,45
43068378284279,53,44
430683782842798,38,31.92
43068407775479,169,142.5
43068407808247,169,142.5
43068407841015,169,142.5
43068407873783,169,142.5
43068407906551,169,142.5
43068407939319,169,142.5
43068432253175,146,123.12
43068432285943,146,123.12
43068432318711,146,123.12
43068432351479,146,123.12
43068432384247,146,123.12
44426249240823,173,146
44426249273591,173,146
44426249306359,173,146
44426279977207,173,146
54217106-2pcs-radio,549,463.98
63215604-white,20,17.1
68195765204123,320,320
68235537485858,108,96
68251827520117,530,43.89
68251835794473,630,540.4
68251845080408,350,299.8
68251853475330,530,438.9
68251858644790,630,540.4
68251866434479,350,310
68333981946269,90,90
68333987462621,90,90
68428138372445,119,101
68428138372445d,92,78
68428138372446,119,101
68428138372447,119,101
68428138372448,119,101
68475623897858,61,52
68488329346747,54,45.6
68488776749769,65,55
68547319262328,54,48
68564091479544,166,140
68581239827406,65,55
68581240464790,65,55
68581241099328,65,55
68581241806360,65,55
68614464572105,8,7
68614469915037,8,7
68614474464243,14,10.83
68614500441148,159,134.52
68614506573460,75,63
68614517011385,155,131
68614518737856,155,131
68614519992920,155,131
68614521395836,155,131
68614578101143,142,120
68623732261908,89,75
68623732874657,89,75
68632737996610,12,10
68684659943813,244,206
68684661362845,244,206
68715044850516,180,149
68715050617728,180,160
68715054964943,180,160
68715057941320,260,200
68715061181964,177,149
68715064598238,236,200
68909548946522,365,308
68909550683662,365,308
68909551462091,365,308
68909552414142,365,308
68909559068383,227,192
68909559715719,227,192
68909560406255,227,192
68909561844392,227,192
68909848609452,419,353
68909849212284,419,353
68909850007989,419,353
68909850529899,419,353
68997884909785,200,160
69094159015793,51,228
69259593687149,159,135
69259598489363,159,135
69259621866502,103,86.64
69259662659594,65,55
69259665117307,65,55
69259676834892,337,286
69259697425837,120,101
69272350276565,171,145
69272350700570,171,145
69272351106222,171,145
69272352222522,171,145
69272352943198,171,145
69290852521030,11,9
69290854656470,11,9
69584814085357,61,51
69584869997113,61,51
69603624231141,88,75
69639360746817,12,10
69639362471081,12,10
69639364479169,12,10
69639366737881,12,10
69639368561162,12,10
69644787652091,75,63
69644788512044,75,63
69644789545607,75,63
69644790163759,75,63
69644791766356,75,63
69644792782500,75,63
69644793131433,75,63
69661031555144,95,80
69661032255459,95,80
69661034438210,95,80
69725645414188,365,308
6972895046316,13,10
69728950463160,13,10
6972895046323,12,10
69728950463230,12,10
6972895046330,11,8
69728950463300,11,8
6972895046347,8,8
69728950463470,8,8
6972895046354,19,15
69728950463540,19,15
6972895046361,25,20
69728950463610,25,20
6972895046378,17,13
69728950463780,17,13
6972895046385,15,12
69728950463850,15,12
6972895046705,11,15
69728950467050,11,15
6977262361023,7,6
69772623610230,7,6
69772623610231,7,6
69772623610232,8,6
6977262361078,18,14
6977262361108,7,6
69772623611080,7,6
6977262361146,22,18
69772623611460,22,18
69772623611461,22,18
69772623611462,22,18
69772623612210,13,10
69772623612380,19,15
69772623612382,17,13
6977262361436,21,17
69772623614360,21,17
6977262362044,109,131
6977262362501,170,204
6977262363195,202,170
6982024042638,146,124
69828709038269,352,297
69828751000869,122,103
69937827490172,16,14
69937852455709,77,65
69947788805591,50,42
69955581101670,1344,1135
69956245161096,171,145
69957313850340,340,287
69957317239799,458,386
70000079547234,53,45
70000080779213,53,45
70008400520044,14,12
70008420982267,132,112
70008422681093,140,118
70016668489263,197,166
70024318906139,77,65
70024322446714,109,92
70051177616811,132,112
70051179907320,139,117
70085219420878,53,45
70111047847010,8,7
70111148517753,162,137
70111148904954,162,137
70117675552996,26,22
70198157516085,216,182
70198191590848,581,491
70198205321236,264,223
70198224106826,200,169
70198230301677,57.6,48.5
70198401100446,210,177
70204007441819,200,169
70204008136743,200,169
70204008881813,200,169
70204010597857,200,169
70204011598042,200,169
70204015942717,210,177
70204016545976,210,177
70207217222459,88,74
70207221224019,250,211
70207221641695,250,211
70207222289421,250,211
70268847577413,190,150
70268851561923,250,211
70268860198753,209,177
70268892596870,14,11
70268938764308,157,132
70273575776803,216,182
70273576386436,216,182
70273577712395,216,182
70275793133918,61,51
70310621999416,102,86
70310622759361,102,86
70310626839000,102,86
70310627261107,102,86
70310628628694,102,86
70310641460654,102,86
70385388544305,63,54
70432176596150,19,16
70432194565440,41,34
70432209089371,142,120
70432214209914,227,192
70452431630362,57.6,48.5
70452454429165,264,223
70452477550373,188,158
70452478386080,62,158
70492613345350,142,120
70541977002156,263,222
70560246154359,335,283
70561988401762,123,104
70601573035684,142,120
70603791819750,142,120
70603792559765,142,120
70603792994170,142,120
70604141405347,8,7
70691599515018,12,10
70744011096774,75,63
70744016170901,10,7
70839902630696,250,211
70839968447784,36,30
70840111658508,119,101
70914938437633,132,112
70915219873178,182,154
70916313358727,182,154
70916315205262,182,154
70916316884718,182,154
70916325997187,182,154
70923982925800,1344,1135
70924848915832,95,80
71018793560148,26,22
71053419295018,51,44
71114497050941,243,206
71139882174952,52,44
71209318318294,1344,1135
71209332026899,1344,1135
71209344689274,1472,1277
71210216695951,16,14
71261391523893,284,240
71286824499982,162,137
71286836707503,162,137
71286895976290,182,154
71286896713895,182,154
71286994448025,182,154
71286995635273,182,154
71287103499399,250,211
71287104392207,250,211
71329247884627,308,260
71340109940988,70,59
71353155576583,9,6
71353165377177,166,141
71355750036003,166,141
71355750666015,166,141
71355751274676,166,141
71389317484316,119,100
71391501781578,317,268
71452572836715,81,69
71467361835803,320,320
71517709753110,105,89
71517735104453,108,92
71517741641494,101,86
71517746228938,15,12
71517786733459,149,126
71519614469419,113,95
71519619481389,119,101
71528146810560,1283,1083
71544693796573,142,120
71590673594006,432,365
71590677702469,182,154
71590681219498,95,80
71590844730143,207,174
71590852646630,61,52
71625369001062,135,114
71625376520178,629,531
71683478789795,205,169
71685737727775,133,112
71685768794767,119,101
71693199343688,88,75
71693210074109,101,86
71693215784764,25,23
71711301750362,383.5,339.25
71822521211138,101,86
71822531454682,101,86
71822536603322,101,86
71822538974538,101,86
71822540884162,101,86
71822566957249,146,124
71822570517421,146,124
71822571738428,146,124
71822572719885,146,124
71822573780962,146,124
71822575009103,146,124
71822593763507,155,132
71822601677515,429,363
71822608229249,209,177
71822614194412,209,177
71841665101577,12,8
71968450038440,291,246
71968515163455,338,285
71968529157521,399,337
71968538749648,473,399
71995179181474,216,183
71995183223866,216,183
71996554548504,210,177
72003681989013,53,45
72021242041195,10,7
72021242850927,10,7
72021244757587,10,7
72022063267521,432,365
72108346124569,284,240
72123512189828,53,45
72141396923812,119,101
72141399181305,119,101
72141405090918,119,101
72201925679470,232,197
72201935304410,232,197
72201938562510,232,197
72202795206058,95,80
72202795990878,95,80
72202797819147,95,80
72204289688108,200,200
72210551304060,9,7
72210596613475,412,348
72210663271958,102,86
72210668298896,102,86
72210671701560,102,86
72211854470335,232,197
72228707286735,33.75,28
72263327200916,119,101
72263355727761,119,101
72263357668781,119,101
72263552938754,142,120
72263557130069,142,120
72289572837042,268,226
72289640137077,11,10
72298488203784,205,169
72298489743293,205,169
72305498080923,9,7
72359563843545,223,189
72365980661806,142,120
72365984680508,142,120
72365987567901,142,120
72365992783585,142,120
72365995124444,142,120
72365998526945,142,120
72366005059488,142,120
72366006865535,142,120
72366008685083,142,120
72366014807235,142,120
72366016990554,142,120
72366019220786,142,120
72366021424529,142,120
72366179722047,133,112
72368155667130,440,320
72374459672071,440,380
72374478657411,440,380
72376198472139,205,169
72376272724906,207,174
72385654478112,2204,1933
72385665397005,910,784
72435920918822,943,796
72435934524585,943,796
72478659959692,716,605
72478680099147,716,605
72478699982948,108,92
72487488290065,1981.2,1762.8
72487508547613,1365,1197
72487519701307,1638,1437
72504841722629,1472,1243
72539338516537,206,174
72591346859892,1131,992
72600124942112,11,10
72669420477927,4134,3626
72669434998201,538,454
72669456147533,1547,1357
72683508108163,473,399
72683525372208,592,510
72683526086926,592,510
72683540449668,384,331
72683560780019,534,443
72683610936039,3094,2714
72683627795275,3354,2890
72683644341187,4524,3898
72714777896306,432,365
72746873974194,358,303
72746906691868,520,439
72746914902762,520,439
72746927982979,520,439
72816765779315,176,149
72816772807221,156,132
72841922050749,1755,1482
72841931419736,210,177
72841941352109,75,63
72841948475979,75,63
72841952729459,75,63
72842213938604,1755,1482
72842216011993,1755,1482
72842218732878,1755,1482
72843056232502,210,177
72843057763949,210,177
72859596138672,311,263
72894752463107,716,605
72894758893279,716,605
72894782088729,581,491
72910493190275,799,776
72920249796959,669,565
72920251999454,669,565
72920253657890,669,565
72920254977305,669,565
72920258141787,669,565
72920272421717,351,297
72997958827570,61,52
72997966323032,61,52
73031583320067,113,95
73031597757715,68,57
73031601644562,68,57
73031603763838,68,57
73031605528385,68,57
73031634388931,68,57
73031639954396,68,57
73031642236430,68,57
73031661547705,385,325
73031673530919,385,325
73031677049449,385,325
73031678616713,385,325
73031701809797,376,317
73031705563650,376,317
73031783271433,21,18
73031786955239,21,18
73031788421278,21,18
73031789858391,21,18
73031810721506,385,325
73049265823166,102,86
73049267890646,102,86
73049280201977,102,86
73049281953829,102,86
73049284007758,102,86
73049298624560,102,86
73049300314249,102,86
73049310756583,102,86
73049312064203,102,86
73049332809528,102,86
73049335181860,102,86
73049354708552,102,86
73049357241693,102,86
73049373420282,102,86
73049376621065,102,86
73049396727399,238,201
73049401182883,238,201
73049402694855,238,201
73049405112738,238,201
73049406675593,238,201
73049442068298,81,69
73049584281290,102,86
73083061175860,903.5,785.5
73083062625388,903.5,785.5
73083066021536,903.5,785.5
73083112759081,2106,1779
73083120569652,2106,1779
73083164465826,146,124
73083166213647,146,124
73083218027903,534,451
73083259483068,162,137
73083267352904,162,137
73083332574071,3584,3108
73093975063080,754,662
73093986605640,1645,1443
73093995733952,754,662
73100647713403,1856,1610
73100660138568,3315,2907
73108511875723,878,741
73117897877509,67.84,57.5
73117910626354,103.68,91
73117925144767,98,83
73117950936864,45,38
73117964375993,173,146
73117966952062,173,146
73117982867812,264,223
73117984975705,264,223
73118001722814,173,146
73118003816915,173,146
73118015958641,149,126
73118019363023,149,126
73118020836794,149,126
73118022483417,149,126
73118024395423,149,126
73118045846689,716,605
73118047305047,716,605
73118048685924,716,605
73145182330535,75,63
73145798359962,878,741
73145800177364,878,741
73169717597363,104,88
73169728608295,104,88
73169757130549,104,88
73169758721681,104,88
73169760996450,104,88
73169790293202,115,97
73169791965793,115,97
73169793215985,115,97
73169794990195,115,97
73169796442487,115,97
73169880874677,41,35
73213610454725,534,451
73214354702683,669,565
73214356702582,669,565
73214358087670,669,565
73214359720281,669,565
73214369816259,669,565
73239234996888,273,231
73239237485874,273,231
73239350630850,513,434
73239352248229,513,434
73239355003083,513,434
73239381698389,513,434
73239383696764,513,434
73239385638639,513,434
73239399202850,520,439
73239400752399,520,439
73239403564287,520,439
73239424488750,79.36,54.5
73239426124912,79.36,54.5
73239457670559,88.32,76
73239460208744,88.32,76
73239475680870,98.56,87
73239477296957,98.56,87
73239553414135,133,112
73239555270714,133,112
73239574904553,466,394
73239576629741,466,394
73239578714086,466,394
73239625209337,304,257
73239629050110,304,257
73239641795042,237,200
73239643358705,237,200
73239644718004,237,200
73239646423722,237,200
73239655944552,268,226
73239657992610,268,226
73290382202072,156,132
73290383713365,156,132
73290385817495,156,132
73290388143728,156,132
73290396693506,156,132
73290455520954,466,394
73290460038510,466,394
73290904629353,419,354
73290906505078,419,354
73292581923089,207,174
73318248815238,156,132
73318273901099,797,667
73318294216435,1195,1004
73318325909444,1418,1197
73318342466404,4941,4285
73318388063959,3264,2831
73437298992182,1215,1026
73437314655879,1600,1388
73437325270196,1895,1643
73455214062180,133,112
73455451783393,223,189
73455675223537,10,8
73455700248323,10,8
73464953513033,513,434
73464955323952,513,434
73464959579399,513,434
73533469615203,169,143
73533592829957,162,137
73533595237659,162,137
73637747703847,237,200
73637905870380,275,228
73644153458208,237,200
73662689301425,48,40
73662690224015,48,40
73662690963447,48,40
73690004885419,263,222
73690008319447,263,222
73690018539760,263,222
73698165330312,119,228
73705882391390,177,150
73705920623083,275,232
73705940636515,430,363
73705943197738,430,363
73705945160288,430,363
73705946944898,430,363
73758896713335,14,12
73766274448963,54,46
73766529891986,49,42
73766531363464,49,42
73783493136841,808,682
73801911535293,399,399
73801916564094,540,540
73810656417471,214,181
73810686764855,322,272
73810710025032,389,329
73810746535947,457,386
73810760308242,183,154
73810777769960,156,132
73810830248930,133,112
73810837095732,133,112
73810838403413,133,112
73810841749155,133,112
73825931469216,189,160
73825933099808,189,160
73825935050530,189,160
73825936494762,189,160
73825954620662,225.44,191.53
73825956062626,225.44,191.53
73825958778447,225.44,191.53
73825973211321,229,194
73825975938611,229,194
73834580422155,275,228
73834585509161,275,228
73834588917648,275,228
73834594178197,275,228
73842546812981,275,228
73842555168088,275,228
73842562858628,275,228
73842568850301,275,228
73869546592351,387,327
73869548398756,387,327
73869549920621,387,327
73869561322686,264,223
73869588334327,223,189
73869590841759,223,189
73869598375755,223,189
73869599916278,223,189
73938730564237,399,337
73938739274518,385,325
73956711990603,466,394
73956714219238,493,417
73956717951108,466,394
73956802356981,129,109
73956805113666,129,109
73956808504590,129,109
73965549315084,1078,910
73991253046827,188,159
73991254153320,188,159
73991326976561,119,101
74007669824840,200,169
74016926885309,2500,57
74025425952502,8832,7659
74042064572130,129,228
74042068636127,129,228
74042072185656,129,228
74042082522362,149,228
74042083912049,149,228
74042162557226,119,228
74052850691238,61,51
74052852134637,61,51
74052877508038,173,146
74052894197651,48,40
740617178944,106,90
74061732963610,95,80
74128529769142,39,33
74129513731135,160,135
74129516043169,160,135
74129520663014,160,135
74129555879463,34,29
74129574869560,44,37
74129592257958,57.6,48
74129605683974,44,37
74129619359722,44.8,38.5
74129647178983,115,97
74129648687438,115,97
74129669549175,169,143
74129671421009,169,143
74129691635997,210,177
74129694558143,210,177
74129706178853,37.12,31.5
74129742149074,16.64,15.5
74129743611166,16.64,15.5
74129985605232,237,200
74148619889772,682,576
74180840244685,351,297
74180853139769,318,268
74180854583907,318,268
74180855879655,318,268
74180950705240,21,18
74198320966850,399,337
74198323248232,399,337
74198325167256,399,337
74198336045282,264,223
74198337747841,264,223
74198340147840,264,223
74198361949558,8,7
74198363773886,8,7
74198379807355,9,8
74198381590315,9,8
74251062719401,102,86
74251094015271,95,80
74251120464754,102,86
74251121554350,102,86
74251122759655,102,86
74251123624041,102,86
74251125198178,102,86
74265546109857,37.12,31.5
74265592548391,34,29
74265599664456,44,37
74265612517774,44,37
74265618068024,44.8,38.5
74265624196550,57.6,48
74300986626887,92.16,68.5
74302998121727,149,126
74303018267194,426,360
74303022058470,426,360
74303024951508,426,360
74303029129752,426,360
74303058402683,565,477
74303060375044,565,477
74303064041464,565,477
74303067973687,565,477
74344133349189,761,667
74344134692801,761,667
74372767080986,322,272
74372803565620,1053,890
74404659402334,162,137
74404680608340,210,177
74440294343450,119,101
74440295977585,119,101
74440309898902,2405,2337
74440379078411,75,63
74473999218700,337,284
74474034188039,337,284
74474057289461,288,244
74474059909102,288,244
74474075740710,597,506
74474079326406,597,506
74474138140595,87,74
74474141036137,87,74
74474142580938,87,74
74474145242561,87,74
74474163815668,195,167
74474165751205,195,167
74474179027114,97,82
74474180747412,97,82
74474183284269,97,82
74474212391957,108,90
74474216100809,108,90
74474219162813,108,90
74474228294432,163,136
74474230349214,163,136
74474236482251,163,136
74474821751587,102,86
74474842785501,149,126
74484674917709,133,115
74527232972466,783,662
74527235187235,783,662
74527238724823,783,662
74528045371325,187,158
74528051403988,187,158
74543350192543,338,285
74543359829147,52,44
74559763889012,97,82
74595757937114,275,228
74605306673681,781,658
74605308965228,781,658
74605348771648,40,34
74605366074100,11,10
74605518512210,565,478
74605526061524,565,478
74605538785122,506,429
74605541278406,506,429
74681311365718,158,133.5
74690567253364,146,124
74717590690046,275,228
74725175582506,156,132
74725206008902,362,306
74820662157205,275,228
74854535188786,48,40
74854551348259,44,37
74863273869896,3289,2885
74958575523497,10,7
74977136684712,174,156
74977138907795,174,156
74977144707151,174,156
74977163276080,212,180
74977164923019,212,180
74977167616474,212,180
74977184622113,390,326
74977186711038,390,326
74984163393047,38,32
74984247839950,53,45
74984314187997,187,158
74984316298897,187,158
74994147169104,107,91
7503045107664,1131,992
75045745678283,52,44
75054486516782,49,21
75054508101915,49,19
75054541781249,60,19
75054564519578,49,19
75054590911498,221,186
75054593373859,221,186
75079145972751,44.8,38
75079206644597,44.8,38
75080655441115,156,228
75080722533204,135,114
75097718322730,67,57
75097731239282,264,223
75097733466800,264,223
75097735025525,264,223
75097737183079,264,223
75097739310585,264,223
75097771685268,246,208
75097773384462,246,208
75097774940250,246,208
75097776522530,246,208
75097778852745,246,208
75097795812019,34,29
75157197896835,48,40
75208469144134,27,23
75209140180655,18,12
75226188884144,705,592
75226190191882,705,592
75226211399242,521,440
75226214010682,521,440
75226320573961,163,136
75228100515830,337,286
75234786206220,142,120
75234821877503,169,143
75234823913638,169,143
75234829217285,169,143
75261828485804,385,325
75262058095521,5,5
75287772942171,102,86
75287825004749,246,209
75287827193197,246,209
75287832095963,246,209
75287834715773,246,209
75287862634739,125.44,88
75287864832851,125.44,88
75287867295042,125.44,88
75354865132282,688,581
75354883700841,472,398
75354903624913,336,283
75354925508212,282,238
75354941893783,195,167
75354944192679,195,167
75355976359207,1981.2,1762.8
75391474625322,1014,890
75391475394305,1014,890
75461108778066,103,86
75511167056517,102,228
75511171775173,102,228
75511174682679,102,228
75511633155339,81,228
75511649781629,284,228
75511675551348,169,143
75511691964734,196,166
75511709413251,189,228
75511717928166,122,103
75511737563112,34,228
75511749096827,34,228
75511761602307,27,228
75521370815619,54,46
75521391012831,50,43
75521391949052,50,43
75521407796288,61,52
75521408552667,61,52
75521409650087,61,52
75556431709886,145,120
75573128423895,264,223
75573290853788,13,10
75580899734390,185,162
75580912032141,103,91
75580926382228,8060,7068
75625183867486,185,162
75625187995544,185,162
75648589896472,331,280
75648602647461,378,320
75657705482068,187,158
75657707099541,187,158
75657709856317,187,158
75657712607717,187,158
75657802395155,615,519
75657826482101,621,525
75657836036313,1274,1118
75657845502104,52,44
75657863265701,30,26
75657886809998,162,137
75677321985339,2108.2,1875.8
75677345444772,85,75
75677347476898,85,75
75677348828833,85,75
75677351442742,85,75
75719165343078,227,192
75736764665001,174,156
75745518720266,103,86
75745634736307,167,146
75745636094260,167,146
75745637474515,167,146
75745638692154,167,146
75745646811231,164,144
75745655368182,164,144
75745663984980,134,118
75745665624027,134,118
75745666889096,134,118
75745668150422,134,118
75882377326837,405,342
75935389079129,101.25,85.5
75935391781777,101.25,85.5
75935428010782,179,151
75935452843463,206,181
75960412912626,275,228
75960512532865,176,149
75960522280980,198,167
75960919844511,1439,1275
75961209684463,185,157
75961211019418,185,157
75961241400223,115,97
75961290041531,90,76
75961292455558,90,76
75961294921402,90,76
75961457826016,187,158
75961472426336,169,143
76012618073094,101.25,85.5
76012619710318,101.25,85.5
76046149270034,5174,4538
76081339320586,275,5
76081573518705,27,23
76081575647932,27,23
76081705789462,1164,1021
76082152293549,108,92
76100526294427,275,228
76100527354576,275,228
76106914461969,288,244
76106985805152,53,49
76107022217893,20,18
76107035091204,27,24
76107047435126,20,18
76107058627098,53,49
76107079087110,33,31
76107148695924,45,41
76107157491542,20,18
76107167409071,27,24
76126320655919,118.8,101
76126322215687,118.8,101
76126372715815,459,388
76126374299625,459,388
76126401539501,272,247
76126406488516,272,247
76185783927610,20,12
76195786297998,48,40
76195789130960,48,40
76195807681471,53.76,45.5
76195809176976,53.76,45.5
76195822129961,58.24,48.5
76195824712302,58.24,48.5
76195838800476,43.52,37.5
76195840637251,43.52,37.5
76195852887177,43.52,37.5
76195855067619,43.52,37.5
76195863314799,51.2,37.5
76195865107996,51.2,37.5
7623,275,228
76255975524234,108,92
76255983732009,59,94
76256096468202,22,54
76256116186896,5174,4538
76260163374963,95,54
76289596757185,250,211
76289598474005,250,211
76289608794683,250,211
76289614040507,250,211
76289622046157,250,211
76289655683068,335,283
76289660190125,335,283
76289662391798,335,283
76289688539462,151.04,128
76289690603037,151.04,128
76289709495882,527,445
76289711842552,527,445
76289725428232,426,360
76289728025297,426,360
76289745362684,96,85
76289746885923,96,85
76289759723732,107.52,94
76289762300183,107.52,94
76289790829075,202,170
76289793480055,202,170
76289798053753,202,170
76289799539806,202,170
76289802842023,202,170
76289817247164,202,170
76289818948813,202,170
76289820841131,202,170
76289822255194,202,170
76289824263842,202,170
76298964614442,200,169
76307967971717,1309,1105
76307998443774,2158,1822
76308008365559,138,117
76308012076872,138,117
76308036431381,149,126
76308038378006,149,126
76308044307742,149,126
76308056775629,111,94
76308059418618,111,94
76308068585229,99,84
76308070348658,99,84
76308072532302,99,84
76308074150777,99,84
76308075872796,99,84
76308093543632,113,95
76308096004453,113,95
76365890821103,275,228
76367460048367,655,553
76367794837790,275,228
76367823979178,275,228
76367849452563,275,228
76367858229090,275,228
76367882888423,275,228
76367986977917,275,228
76384124961658,179,151
76384127602504,179,151
76384131837589,179,151
76384157389149,430,363
76384159607316,430,363
76384161293580,430,363
76384163678002,430,363
76384165006516,430,363
76384167288215,430,363
76384178262368,200,169
76384180406816,200,169
76384183375602,200,169
76384217916407,322,272
76384221244157,322,272
76384222540167,322,272
76384224056836,322,272
76384225366900,322,272
76384246555932,497,420
76384256571547,497,420
76384259802472,497,420
76384262420657,497,420
76384263886215,497,420
76384276293246,183,154
76384278155258,183,154
76384279516202,183,154
76384285181779,183,154
76384286626016,183,154
76384341363062,740,625
76384343380642,740,625
76384345487273,740,625
76384347305477,740,625
76384349110571,740,625
76384388187608,180,152
76384391393296,180,152
76384394864301,180,152
76384396486473,180,152
76384399348992,180,152
76418917069723,79,67
76418918272819,79,67
76418920018758,79,67
76428379975842,6683,5643
76438121874659,71,60
76438123387300,71,60
76438130869363,71,60
76438133099870,71,60
76445300154915,119,101
76445301755463,119,101
76445398246376,268,226
76445400435024,268,226
76445403379391,268,226
76445405269926,268,226
76445424880242,229,194
76445426742261,229,194
76487463813814,24,20
76487466532253,24,20
76487477857210,25,22
76487479521915,25,22
76487491917041,40,34
76505096925893,399,337
76532516730694,432,365
76532519028394,432,365
76532520914416,432,365
76532536072071,484,409
76532580917858,484,409
76532584110798,484,409
76532598142392,565,477
76532601195820,565,477
76532602626416,565,477
76532639511799,92,78
76532642574052,92,78
76532653404788,92,78
76532655054297,92,78
76532665295406,173,146
76532666699131,173,146
76532705258326,297,251
76532706790735,297,251
76532719351724,223,189
76532720856622,223,189
76532722399887,223,189
76532723846154,223,189
76532745627771,484,409
76538458856729,134,113
76538471820905,88,75
76538494452119,30,26
76538510490834,18,15
76538521358130,17,14
76538534693792,160,135
76538536996635,160,135
76538552613634,173,146
76538555040403,173,146
76538571019990,196,166
76538573089647,196,166
76538576622254,196,166
76538592451160,214,181
76538594656470,214,181
76549221959510,237,228
76557475132303,365,308
76557485793263,561,474
76557497607312,785,661
76608903383974,149,126
76609182038895,389,329
76609183393020,389,329
76609185346496,389,329
76609199470083,206.15,175.15
76609200889447,206.15,175.15
76609202364953,206.15,175.15
76609204933436,206.15,175.15
76609216987110,345,291
76609218263262,345,291
76609230331483,264,223
76609235435600,264,223
76609268523546,183,154
76609270146153,183,154
76609271612503,183,154
76609274805775,183,154
76609294596045,200,169
76609296164014,200,169
76609303832880,268,226
76609305610206,268,226
76609361212096,20,17
76609362744943,20,17
76609364197233,20,17
76609375470984,20,17
76617011119537,88,75
76633593099299,345,291
76652393785827,142,120
76652407065696,75,63
76652407859415,75,63
76678010085188,50,40
76678013121181,50,40
76678019699304,50,40
76720538262108,2106,1779
76720975136735,42.24,39.5
76720994758426,10,8
76721031047105,1846,1619
76721066027891,897,787
76789338197941,13,11
76789976745012,38,32
76789988673474,160,135
76789990235188,160,135
76790002768562,57,48
76790007007025,57,48
76790028968755,376,317
76790031088096,376,317
76790032756816,376,317
76790042097103,376,317
76790043584812,376,317
76790047901307,376,317
76790639594284,264,223
76790644909113,655,553
76790651303113,889,751
76790655643572,929,785
76790660965213,939,793
76790666438412,997,842
76790672219616,1024,865
76790680734612,1344,1135
76790688570833,716,605
76790693649099,565,477
76790699708202,565,477
76790703990480,716,605
76790918139009,848,716
76825702021239,264,223
76825704527523,264,223
76825709097220,264,223
76825728635912,665,553
76825730872793,655,553
76825735421696,655,553
76825787980750,929,785
76825790059017,929,785
76825792815655,929,785
76825803676592,939,793
76825807425869,939,793
76825810210795,939,793
76825817353219,997,842
76825824470078,997,842
76825825691545,997,842
76825833188356,1024,865
76825835042794,1024,865
76825836155537,1024,865
76825847150289,1344,1135
76825849437283,1344,1135
76825851435702,1344,1135
76825857925249,1344,1135
76825869750536,716,605
76825871485292,716,605
76825874631886,716,605
76825880436916,848,716
76825882407692,848,716
76825884159289,848,716
76825891902440,565,477
76825893839991,565,477
76825896509595,565,477
76825903049544,565,477
76825905347021,565,477
76825907306529,565,477
76825913738512,716,605
76825915215248,716,605
76825917693838,716,605
76825921981852,889,750.12
76825924089527,889,750.12
76825926035048,889,750.12
76825939100780,27,23
76825966702761,92,78
76825968128083,92,78
76860877357738,56,49
76860982682820,75,66
76861009386879,69,53
76867658801561,2268,1916
76867668365155,2268,1916
76867671400133,2268,1916
76867674537740,2268,1916
76867684801464,1344,1135
76867686464051,1344,1135
76867688552397,1344,1135
76867690488831,1344,1135
76885838035223,26,22
76895149055663,130,104
76895150789132,134,113
76895189759640,88,75
76895191853753,88,75
76901412795999,88,75
76901418176698,88,75
76902475337619,34,29
76902483734934,33.75,28.5
76919348895629,115,97
76919368061470,181,159
76919388090756,150,126
76920587821902,71,60
76945916856839,88,75
76945947785779,81,69
76945948810489,81,69
76945949800391,81,69
76946001017612,184,156
76946096089851,311,263
76946098044325,311,263
76946191565962,446,377
76946759445661,534,451
76946787146095,269,227
76968979888274,156,132
76971089105368,156,132
76971102053426,268.65,226.86
76971232850327,702,592.8
76971828869050,189,160
76981255490202,107,86
76981304815717,19,16
76981306348167,19,16
76981367443047,110,88
76981384626410,113,95
76981424684399,23,20
77015483484790,480,405
77015782038639,284,240
77015855623824,669,565
77048518808252,80,70
77066453928666,125,105
77066499768615,80,68
77068083919894,1157,1015
77068109677942,2834,2486
77068135858182,2119,1859
77068144843227,2119,1859
77068325866267,430,363
77068337528316,210,88.35
77084775938566,311,263
77084776796594,311,263
77084806745590,878,741
77084826347146,88,75
77085272488790,50,42.22
77137168908802,113,95
77137186285646,268,226
77137190480993,268,226
77137193035752,268,226
77137195123649,268,226
77137256856838,30,26
77137275167656,32,27
77137334181652,260,219
77137335925212,260,219
77137337488244,260,219
77137339675221,260,219
77143628288840,54,46
77143647226082,48,40
77143708046095,335,283
77161882298508,156,132
77161884461539,156,132
77161886294787,156,132
77161888096786,156,132
77162173980533,196,166
77170862682321,52,44
77170943281764,84,71
77170979316779,67.84,56.5
77171041275968,29,24
77171071660812,30,26
77171073288586,30,26
77171110249880,29,24
77171231487623,20,17
77171233287684,20,17
77171248129275,19,16
77171251246954,19,16
77171262945843,21,18
77171264694624,21,18
77204545248600,36,30
77206267639609,108,92
77206268897613,108,92
77206303712735,68,57
77206326911196,68,57
77206352084497,200,169
77213313719007,38,32
77213315611727,38,32
77213317543665,38,32
77213319065049,38,32
77213320605100,38,32
77213322277603,38,32
77213457714398,378,320
77213923322342,225,185
77213947118402,225,185
77213952274138,225,185
77213958820260,225,185
77213962368657,225,185
77213964686268,225,185
77214091529238,432,365
77214842468158,102,86
77214865081287,36,30
77231064734675,68,57
77231841306934,113,94.62
77231875100510,88,75
77274993437580,94,79
77275022129864,79,67
77317099797318,277,234
77317198840496,8060,7068
77326106937117,10,8
77343215226889,215,182
77343305734104,95,80
77343397750464,67,56
77351493045510,19,16
77351494971383,19,16
77351496776133,19,16
77351498113429,19,16
77351500701227,19,16
77351565804684,567,479
77377699184439,214,181
77396366704860,799,776
77396378019169,799,776
77396379597919,799,776
77404925544191,75,63
77404951118596,25,21
77404954427011,25,21
77404976902373,212,180
77430662343054,121,102
77430675104117,94,79
77430690419541,86,72
77455140727676,92,78
77455145400145,92,78
77455148133198,92,78
77455151236503,92,78
77455182672796,4095,3591
77455226159492,189,160
77490917844679,149,126
77490977902058,74,62
77491077003985,179,151
77491077890352,179,151
77502116118486,10,8
77502137922568,10,8
77619937932773,203,171
77619998317994,39,35
77637144141120,794,707
77637157937383,794,707
77637183092717,2314,2030
77637193183787,2314,2030
77637487328205,92,78
77637492597638,92,78
77637496823236,92,78
77637505231872,92,78
77637533650880,92,78
77637538549429,92,78
77637544195118,92,78
77637548020359,92,78
77637565665939,129,108
77637573633870,129,108
77637768087088,179,151
77637795149767,179,151
77637806108574,179,151
77637838005214,151.04,128
77637841284027,151.04,128
77637880586335,349,295
77637890144087,349,295
77637899576767,349,295
77637904914506,349,295
77654120083924,403,340
77654251708726,862,728
77706101024212,26,22
77706129229985,48.64,41.5
77706257728493,27.5,23
77706284517406,29,24
77706311528038,52.48,44.5
77706391213751,52,44
77706423878049,27,23
77706458670450,18,15
77706496624195,27,23
77706616034767,173,146
77706666646476,106,89
77706686274181,27,23
77706735134005,264,223
77706751183045,264,223
77706791899721,268,226
77706801953082,268,226
77706810499245,268,226
77706817016076,268,226
77706861681429,187,158
77706867941399,187,158
77706907438506,187,158
77706922858044,187,158
77707025264896,36,30
77707037639817,36,30
77731348683356,61,52
77733549663050,115,97
77733584215140,115,97
77748739287658,77,62
77748739288442,12,12
77748739309494,17,13
77748739309496,56,45
77748739310527,113,90
77748739335740,13,10
77748739346079,17,13
77748739356347,34,27
77748739365758,145,198
77748739378743,110,88
77748739383189,110,88
77748739394957,211,169
77748739396018,160,128
77748739399599,987,1500
77748739412212,380,304
77748739416435,990,1580
77748739418965,300,240
77748739432458,990,1580
77748739437561,160,128
77748739440439,78,62
77748739451432,25,20
77748739456270,48,38
77748739471261,114,91
77748739475477,127,102
77748739475624,160,128
77748739490073,138,110
77748739494450,52,42
77748739495749,114,91
77748739507968,12,9
77748739511294,52,42
77748739515224,180,144
77748739531125,140,112
77748739548977,145,220
77748739549710,160,128
77748739563167,130,104
77748739568840,160,128
77748739570496,130,198
77748739581589,145,178
77748739599616,145,198
77748739605612,145,220
77748739620633,119,95
77748739625340,193,154
77748739627487,160,128
77748739638197,765,612
77748739640340,295,236
77748739643750,102,82
77748739659971,92,74
77748739660729,119,95
77748739660886,84,67
77748739677418,128,102
77748739677843,92,74
77748739678619,290,290
77748739694078,705,564
77748739700199,114,91
77748739700889,91,73
77748739712943,145,116
77748739721709,147,118
77748739724305,114,91
77748739731972,95,76
77748739739518,29,23
77748739744731,22,18
77748739764255,17,13
77748739805576,40,64
77748739829363,33,26
77748739836820,26,21
77748739842609,40,64
77748739847016,23,34
77748739854616,33,26
77748739860668,28,22
77748739863721,28,22
77748739872086,25,38
77748739876795,23,34
77748739879948,33,26
77748739890957,40,64
77748739895937,34,27
77748739908565,31,25
77748739913257,47,38
77748739914369,64,51
77748739929068,56,45
77748739930982,28,45
77748739945840,28,45
77748739947243,56,45
77748739948723,13,10
77748739965565,45,36
77748739967736,26,21
77748739983232,212,170
77748739983443,39,31
77748739987695,43,34
77748740019410,26,21
77748740028189,35,28
77748740055316,198,158
77748740064182,59,49.39
77748740067382,19,15
77748740072037,13,10
77748740088040,37,30
77748740090291,34,27
77748740094555,65,52
77748740120345,19,15
77748740152955,65,52
77748740158269,65,52
77748740311804,160,128
77748740353898,160,128
77748740368583,105,84
77748740382023,36,29
77748740391620,130,104
77750141561393,1024,865
77750149964284,1024,865
77750188440722,716,605
77750199398924,716,605
77750204318259,716,605
77757474030236,453,382
77802435951394,175,148
77802441441928,175,148
77809668793463,115,97
77810918508441,115,97
77811011071999,115,97
77826288557985,66,52
77826288558023,21,16
77826288560944,40,32
77826288589729,160,128
77826288590122,130,104
77826288591227,130,104
77826288620826,119,95
77826288623352,130,104
77826288670691,119,95
77826288671598,119,95
77826288693605,119,95
77826288719290,147,118
77826288720780,119,95
77826288731760,130,104
77826288752522,119,95
77826288754801,130,104
77826288780170,147,118
77826288781170,119,95
77826288781936,176,141
77826288801378,160,128
77826288803424,52,42
77826288804068,25,20
77826288824922,24,19
77826288829024,24,19
77826288829322,24,19
77826288850611,79,63
77826288852212,52,42
77826288852357,59,47
77826288874697,51,41
77826288874959,160,128
77826288875847,145,116
77826288894155,21,17
77826288896681,34,27
77826288900018,34,27
77826288921846,8,6
77826288924930,7,6
77826288943757,8,6
77826288947299,7,6
77826288949114,14,11
77826288972034,22,18
77826288972832,7,6
77826288973153,7,6
77826288992848,34,27
77826288993277,34,27
77826289005130,22,18
77826289019058,147,118
77826289025793,199,159
77826289034028,175.5,148.2
77826289041428,98,82
77826289045693,500,400
77826289055986,193,154
77826289064953,460,368
77826289069640,48,38
77888809242624,115,97
77889220732797,176,149
77895351184655,135,114
77895357652235,135,114
77895362980574,135,114
77931686795076,13,10.4
7793176539950,22,17.6
77975534432717,106,89
780,224,189
78016234322655,110,110
78042745702933,268,226
78043009916756,67,56
78052234109745,160,128
78052308897990,145,145
78052309478679,145,145
78052390083322,45,36
78052393019233,37,30
78052396329869,65,52
78052400872177,35,52
78052425635677,35,28
78052431905227,34,33
78052463010334,198,158
78052472885991,21,17
78052544150892,13,10
78052558141535,7,6
78052558801335,7,6
78052559265578,7,6
78052579220298,7,6
78052579822451,7,6
78052580621086,7,6
78052585024965,8,6
78052585462931,8,6
78052585970645,8,6
78052588923124,8,6
78052589412113,8,6
78052589850075,8,6
78052595886071,7,6
78052597651642,7,6
78052603294869,22,18
78052612498246,22,18
78052613026256,22,18
78052613487795,22,18
78052616514845,34,27
78052617223044,34,27
78052617997969,34,27
78052625167858,31,25
78052628175889,29,23
78052630510138,34,27
78052632682348,33,26
78052653292135,13,10
78052658271538,22,17.6
78052665885816,17,13
78052669933613,26,21
78052670352592,26,21
78052670839762,26,21
78052673411862,25,38
78052673860515,25,38
78052674270063,25,38
78052678225389,28,22
78052678658262,28,22
78052679117824,28,22
78052681399759,28,22
78052681832647,28,22
78052682259609,28,22
78052686227493,56,45
78052689132491,34,27
78052696853055,33,26
78052697355937,33,26
78052697770403,33,26
78052699953249,33,26
78052700429016,33,26
78052700826461,33,26
78052716217950,47,38
78052718889031,107,86
78052721822953,22,18
78053302760210,145,145
78053481405453,145,145
78053608238106,130,130
78059581781163,145,145
78061340214242,13,13
78070145875119,122,103
78078452631620,39,31
78095420865677,297,251
78102746094511,6435,5643
78104730534684,26,21
78104737638311,19,15
78112096039909,44,37
78112100887577,44,37
78112106720141,44,37
78112183825516,331,280
78112220920198,48,40
78112225746230,48,40
78112229581006,48,40
78112284384239,115,97
78112385756841,88,75
78112394130727,88,75
78112400935060,88,75
78113491611869,196,166
78113494410129,196,166
78113527464312,92,78
78113536452860,92,78
78113566641435,27,23
78113567922744,27,23
78113569053129,27,23
78113599242938,94,79
78113604932211,94,79
78113682705869,94,79
78120321335101,585,513
78120326849577,585,513
78120333090414,585,513
78131213028921,64,51
78131254530850,56,45
78137512962260,1148,969
78138330778458,43,34
78138359641354,59,49.5
78138459631188,59,47
78138478703265,160,128
78138485391426,34,27
78138545157940,56,45
78138551409401,56,45
78138569043077,34,27
78147788516972,65,52
78148015842589,22,18
78148552818576,198,158
78149652824780,175.5,148.2
78149660747106,175.5,148.2
78149669557576,98,82
78150036021544,95,76
78150050290986,95,76
78150056606583,95,76
78150110797745,160,128
78150113801007,160,128
78150117350061,160,128
78150147962766,160,128
78150150858629,160,128
78150154320402,160,128
78150157847429,160,128
78150396938478,130,104
78150471039482,130,104
78150483234953,130,104
78164189747537,57.6,49.5
78164212102703,173,146
78164215309514,173,146
78164217392126,173,146
78181596292486,26,21
78190171894862,139,117
78190182394449,139,117
78190189208689,139,117
78190215757237,92,77.5
78190221635392,92,77.5
78190225349312,92,77.5
78190230843555,92,77.5
78190264907190,146,123
78190273754905,146,123
78190278104653,146,123
78190429643220,74.25,63
78190433284040,74.25,63
78190437708850,74.25,63
78190462695838,108,91
78190481980255,60.75,51
78198063747111,208,177
78198070825025,208,177
7823,588,228
78241098453374,250,213
78241100890784,250,213
78241103298760,250,213
78250980552446,146,123
78251010484303,146,123
78251470964268,66,56
78251474935246,66,56
78251484358234,66,56
78260072899532,115,97
78260077214795,115,97
78260100780776,102,82
78260106488705,102,82
78276005537649,40,34
78277026225513,47,40
7828,1260,1116
78285563240719,224,190
78285636475703,293,249
78285779002244,41,35
78285803070630,779,677
78285868364399,41,35
78286079444648,64,54
78302644677995,95,80
78302676968302,213,181
78362612451959,303,258
78362617105247,303,258
78362624595902,303,258
78362628812174,303,258
78415669434796,175.5,148
78415827737667,115,97
7845240703020,405,342
78458301982325,113,95
78458342884512,112,95
78458381097953,112,95
78458479277725,219,219
78458610144590,88,75
7846,275,228
78500569379655,115,97
78500572964082,115,97
78526703079314,14541.5,12938.5
78527801845162,98,82
78527809938118,98,82
78527839737964,171,171
78527844424968,175.5,148.2
78527849445980,175.5,148.2
79105611-pluma-LAGOM,72,60.19
794,53,45
796,53,45
797,30,25
799,53,45
800,203,203
801-1,132,112
801-2,132,112
801-3,132,112
8014,275,228
8015,275,228
8016,530,228
8017,560,228
8018,460,228
8019,275,228
8020,275,228
8024,350,300
8025,275,228
8027,275,228
8028,275,228
803,24,21
821-REMATE,89,75
84088447-1pcs-3.7v,10,9
84474796-eu-plug-english-blue,131,110.35
85075534-BLACK,176,148.2
85075534-BLUE,176,148.2
85075534-PINK,176,148.2
85075534-WHITE,176,148.2
ADAMORBLAAU-12,14,12
ADAMORBLAAU-13,13,11
ADAMORNEGAU-12,14,12
ADAMORNEGAU-13,13,11
ADAP-R506,5,5
AFEMORGRIW25,215,182
AFEMORNEGW25,215,182
AIRMORDEFSF109,149,136
AIRMORDEFSF110,149,136
AIRMORDEFSF111,149,136
AIRMORDEFSF112,149,136
AROMORDEF12PUL,101,85.5
AUDHUADEFCM510,1620,1368
AUDHUADEFFREEBUDSLITE,1620,1368
AUDHUADEFFREELANCE,1620,1368
AUDIFONO BG-115,150,126
AUDMORAZUM-916,13,10
AUDMORAZUM806-1,14,10.83
AUDMORAZUM911,9,8
AUDMORAZUM915,9,8
AUDMORAZUMOREKA-285,119,101
AUDMORAZUST2-2,68,57
AUDMORAZUST2-3,177,149
AUDMORAZUST98M,142,120
AUDMORAZUST99,128,109
AUDMORBLAAMBIE,92,78
AUDMORBLABL017,146,124
AUDMORBLAE-307,119,100
AUDMORBLAE300,119,89
AUDMORBLAE304,119,101
AUDMORBLAE305,88,75
AUDMORBLAM-297,179,151
AUDMORBLAM-910,9,8
AUDMORBLAM-912,9,8
AUDMORBLAM-913,9,8
AUDMORBLAM-914,9,8
AUDMORBLAM-920,23,20
AUDMORBLAM-921,22,19
AUDMORBLAM-922,22,19
AUDMORBLAM911,9,8
AUDMORBLAMI12TWS1,40.5,34
AUDMORBLAMOREKA-285,119,101
AUDMORBLAMOREKA-286,132,111.72
AUDMORBLAMOREKA-287,75,63
AUDMORBLAST2-1,68,57
AUDMORBLAST2-2,177,149
AUDMORBLAT110,500,422
AUDMORDEF+B01,430,363
AUDMORDEFAMBIE,92,78
AUDMORDEFBL010,149,126
AUDMORDEFE301,75,63
AUDMORDEFM-803,8,7
AUDMORDEFMQ-001,8,7
AUDMORDEFWL-002,68,57
AUDMORMORM-916,13,10
AUDMORMORM915,9,8
AUDMORMORMOREKA-285,120,101
AUDMORMORMOREKA-287,75,63
AUDMORMORST99,128,109
AUDMORMULM-910,9,8
AUDMORMULM-911,9,8
AUDMORMULM-912,9,8
AUDMORMULM-913,9,8
AUDMORMULN-903,11,9
AUDMORNEG-M28,65,55
AUDMORNEGB04,209,177
AUDMORNEGBL017,146,124
AUDMORNEGE-307,119,100
AUDMORNEGE298,132,112
AUDMORNEGE300,119,89
AUDMORNEGE305,88,75
AUDMORNEGM-910,9,8
AUDMORNEGM-912,9,8
AUDMORNEGM-913,9,8
AUDMORNEGM-914,9,8
AUDMORNEGM-916,13,10
AUDMORNEGM-920,23,20
AUDMORNEGM-921,22,19
AUDMORNEGM-921pack,275,228
AUDMORNEGM-922,22,19
AUDMORNEGM806-1,14,10.83
AUDMORNEGM911,9,8
AUDMORNEGM915,9,8
AUDMORNEGMOREKA-285,119,101
AUDMORNEGMOREKA-286,132,111.72
AUDMORNEGMOREKA-287,75,63
AUDMORNEGST2,68,57
AUDMORNEGST2s-1,177,149
AUDMORROJ00000635,169,142.5
AUDMORROJM-F9,142,120
AUDMORROJM911,9,8
AUDMORROJMOREKA-287,75,63
AUDMORROJST2-3,68,57
AUDMORROJST2-4,177,149
AUDMORROSM-916,13,10
AUDMORROSM806-1,14,10.83
AUDMORROSM911,9,8
AUDMORROSM915,9,8
AUDMORROSST99,128,109
AUDMORVERM-916,13,10
AUDMORVERM915,9,8
AUDMORVERMOREKA-285,120,101
AUDMORVERMOREKA-287,75,63
AUTMORDEFCP005,49,42
AUTMORDEFCP006,49,42
AUTMORDEFMP3-CAR,169,143
Azul 402,223,189
Azul K064,119,101
Azul K073,160,135
Azul K075,105,89
BARRFOLMARFS-M252,514,451
BARRFOLNEGFS-M252,514,451
BOCAZUMORM-377,419,353
BOCCALMORM-377,419,353
BOCCAMMORM-377,419,353
BOCFOLNEGFSL1216,1235,1083
BOCIMORAZUM-368,337,286
BOCIMORNEGM-368,337,286
BOCIMORROJM-368,337,286
BOCINA KTS-1090F,217,183
BOCINA KTS-1562,324,274
BOCMORAMAMOR-410,75,63
BOCMORAZU-385,426,360
BOCMORAZU00000635,169,142.5
BOCMORAZU3781,346,294
BOCMORAZU401,216,183
BOCMORAZU403,125,105
BOCMORAZU405,140,118
BOCMORAZU406,196,166
BOCMORAZU407,128,107
BOCMORAZUA20,430,363
BOCMORAZULMOR-372,344,291
BOCMORAZUM-350,173,146
BOCMORAZUM-450,214,181
BOCMORAZUM-700,344,290.7
BOCMORAZUM-716,379,319.77
BOCMORAZUM300,318,268
BOCMORAZUM397,403,340
BOCMORAZUM411,356,340
BOCMORAZUMCLIP5RG,115,96.9
BOCMORAZUMOR-371,203,171
BOCMORAZUMOR-376,604.56,517.54
BOCMORAZUMOR-410,75,63
BOCMORAZUMOREKA-216,220,219
BOCMORAZUMOREKA-519,132,111.72
BOCMORAZUMRF68,108,92
BOCMORAZUMoreka-409,216,183
BOCMORAZUWL-395,119,101
BOCMORBLA380,220,183
BOCMORBLAKARAO382,432,365
BOCMORBLAM-537,243,205
BOCMORBLAMoreka-379,196,166
BOCMORBLAWL-395,119,101
BOCMORCAF224,216,183
BOCMORCAF225,216,183
BOCMORCAFMCLIP5RG,115,96.9
BOCMORCAFMOREKA-216,220,219
BOCMORCAL412,216,183
BOCMORCALMOR-372,344,291
BOCMORCALMoreka-409,216,183
BOCMORCAMMOR-371,203,171
BOCMORCAMUM-710,250,211
BOCMORCEL00000635,169,142.5
BOCMORCIEMOREKA-519,132,111.72
BOCMORDEF+A535W,565,477
BOCMORDEF+A7,889,751
BOCMORDEF39816W-1,338,285
BOCMORDEF39816W-2,338,285
BOCMORDEF39816W-3,338,285
BOCMORDEF39816W-4,338,285
BOCMORDEFA6,748,682
BOCMORDEFFS-M238,897,773
BOCMORDEFFS-R207,1768,1524
BOCMORDEFM-710,250,211
BOCMORDEFM3920000,169,143
BOCMORDEFM3920001,169,143
BOCMORDEFM3920002,169,143
BOCMORDEFM3920003,169,143
BOCMORDEFMOR-15,507,428
BOCMORDEFMOR-372,344,291
BOCMORDEFMOREKA-314,108,91.2
BOCMORDOR400,197,166
BOCMORDORMOREKA-216,220,219
BOCMORGRI+A18,959,810
BOCMORGRI-385,426,360
BOCMORGRI00000635,169,142.5
BOCMORGRI401,216,183
BOCMORGRI403,125,105
BOCMORGRI405,140,118
BOCMORGRI406,196,166
BOCMORGRI407,128,109
BOCMORGRI412,216,183
BOCMORGRIA20,430,363
BOCMORGRIM-300,318,268
BOCMORGRIM-350,173,146
BOCMORGRIM-700,344,290.7
BOCMORGRIM-716,379,319.77
BOCMORGRIM397,403,340
BOCMORGRIM400,197,166
BOCMORGRIMOR-376,604.56,517.54
BOCMORGRIMOREKA-519,132,111.72
BOCMORGRIMRF68,109,92
BOCMORGRIMW8S,182,154
BOCMORMAD224,216,183
BOCMORMAD225,216,183
BOCMORMAZUM-337,133,112
BOCMORMBLAM-337,133,112
BOCMORMIL3781,346,294
BOCMORMIL401,216,183
BOCMORMIL412,216,183
BOCMORMILA20,430,363
BOCMORMILM-350,173,146
BOCMORMILM-450,214,181
BOCMORMILM-700,344,290.7
BOCMORMILM300,318,268
BOCMORMMAMM-337,133,112
BOCMORMNEHM-337,133,112
BOCMORMULMCLIP5RG,115,96.9
BOCMORNARMW8S,182,154
BOCMORNEG+A18,959,810
BOCMORNEG-385,426,360
BOCMORNEG00000635,169,142.5
BOCMORNEG225,216,183
BOCMORNEG3781,346,294
BOCMORNEG380,216,183
BOCMORNEG392+,500,422
BOCMORNEG401,216,183
BOCMORNEG403,125,105
BOCMORNEG405,140,118
BOCMORNEG406,196,166
BOCMORNEG407,128,109
BOCMORNEG412,216,183
BOCMORNEG619,108,92
BOCMORNEG620,108,92
BOCMORNEG621,108,92
BOCMORNEG622,108,92
BOCMORNEG623,108,92
BOCMORNEG624,108,92
BOCMORNEGA20,430,363
BOCMORNEGKARAO382,432,365
BOCMORNEGLAM-ML-28,250,211
BOCMORNEGM-350,173,146
BOCMORNEGM-372,344,291
BOCMORNEGM-374,227,192
BOCMORNEGM-700,344,290.7
BOCMORNEGM-710,250,211
BOCMORNEGM397,403,340
BOCMORNEGM400,197,166
BOCMORNEGM411,356,340
BOCMORNEGMCLIP5RG,115,96.9
BOCMORNEGMOR-371,203,171
BOCMORNEGMOR-376,604.56,517.54
BOCMORNEGMOR373,419,353
BOCMORNEGMOR375,365,308
BOCMORNEGMOREKA-519,132,111.72
BOCMORNEGMORKA-216,220,219
BOCMORNEGMRF68,108,92
BOCMORNEGMW8S,182,154
BOCMORNEGMoreka-379,196,166
BOCMORNEGMoreka-409,216,183
BOCMORNERM300,318,268
BOCMORPLAM400,197,166
BOCMORROJ225,216,183
BOCMORROJ3781,346,294
BOCMORROJ401,216,183
BOCMORROJ403,125,105
BOCMORROJA20,430,363
BOCMORROJM-350,173,146
BOCMORROJM-700,344,290.7
BOCMORROJM-716,379,319.77
BOCMORROJMCLIP5RG,115,96.9
BOCMORROJMOR-371,203,171
BOCMORROJMOREKA-216,220,219
BOCMORROJMOREKA-519,132,111.72
BOCMORROJMRF68,109,92
BOCMORROJMW8S,182,154
BOCMORROK405,140,118
BOCMORROK406,196,166
BOCMORROSMOR-410,75,63
BOCMORROSWL-395,119,101
BOCMORTURM537,243,205
BOCMORVER00000635,120,101
BOCMORVER405,140,118
BOCMORVER407,128,109
BOCMORVERM-537,243,205
BOCMORVERM-716,379,319.77
BOCMORVERM411,356,340
BOCMORVERMOR-410,75,63
BOCMORVERMOREKA-519,132,111.72
BOCMORVERMoreka-379,196,166
BOCMORVERMoreka-409,216,183
BOCNEGMORM-377,419,353
BOCROJMORM-377,419,353
BOLMORVER-BOL,5,4
BR-KZNU-9NOO,156,132
Blanco K064,119,101
Blanco K072,142,120
Blanco K073,160,135
Blanco K074,173,146
Blanco K075,105,89
CABMORBLACB-045,13,11
CABMORDEF-E555,12,10
CABMORDEFLIG-TC,20,17
CABMORMULCB-06,4,3
CABMORMULCB-08,8,7
CABMORNEGCB-045,13,11
CABMORROJCB-01,7,5.7
CABONEDEFCB-0314,17,14
CABONEDEFCB-031B,17,14
CABONEDEFCB-031N,23,20
CABONEDEFCB-031N-2,21,18
CABONEDEFCB-031N-3,19,16
CABONEDEFCB-031N-4,15,13
CABONEDEFCB-032,13,11
CABONEDEFCB-032-1,16,14
CABONEDEFCB-032b,16,14
CABONEDEFCB-036,14,12
CABONEDEFCB-036b,14,12
CABONEDEFCB-037,15,12
CABONEDEFCB-038,15,12
CABONEDEFCB-11,8,7
CALMORDEFCB-035,12,10
CAMMORDEF2MP-360,430.65,363.66
CAMMORDEFJK-002,324,274
CAMMORDEFWIF,918,776
CARBLAMORMR1275,16,14
CARMORBLAD4-TC,24,21
CARMORBLAD4-Tv,22,19
CARMORBLAGP205,41,27
CARMORBLAGP206,39.5,33.5
CARMORBLAGP208,32,27
CARMORBLAGP209,39.5,33.5
CARMORBLAWX-004,75,63
CARMORDEF-EKA-117,12,10
CARMORDEF-EKA-117-C,13,11
CARMORDEF18W,34,28.5
CARMORDEFJB212AA-1,106,89
CARMORDEFJB212AAA,106,89
CARMORDEFMQ015,48,40
CARMORDEFMR1275,42,36
CARMORDEFMR2805,25,21
CARMORDEFMR2885,26,22
CARMORDEFMR2888,29,24
CARMORDEFP-001,30.5,27
CARMORDEFP-203,38.5,32.5
CARMORDEFP00320W,82,68.97
CARMORDEFP00320Ww2,450,360
CARMORGRIWX-003,75,63
CARMORNEGAC111,48.64,41.5
CARMORNEGMR26,26,22
CARMORNEGMR2887,27.5,23
CARMORNEGP205,41,27
CARMORNEGP206,39.5,33.5
CARMORNEGP208,32,27
CARMORNEGP209,39.5,33.5
CARMORNEGWX-003,75,63
CARMORNEGWX-004,75,63
CASMORDEFLFJ225,132,111.72
CASMORDEFLFJ245,155,131
CASMORDEFMINISIERRA,576,486.47
CL-671-REMATE,53,45
CL-715-REMATE,65,55
COCMORAZUKB-189,104,87.78
COCMORDEF-FORRO,47,39.9
COCMORDEFSL11,9,7.41
COCMORROSKB-188,104,87.78
COMMORDEFEG-209,311,263
CONMORBLAAU-11,16,14
CONMORDEFAU-10,15,13
CONMORDEFAU-11,15,13
CONMORDEFGS5,358,303
CONMORNEGAU-11,16,14
CORMORDEF-LUC,82,69
DIAMORAZUMARIO,155,131
DIAMORBLAEKSA,365,308
DIAMORNEGEKSA,365,308
DIAMORNEGGT68,351,296
DIAMORNEGMIKEY,155,131
DIAMORROJKITTY,155,131
DIAMORROJMARIO,155,131
DIAMORROSKITTTY,155,131
DIAMORROSMINNIE,155,131
DIAMORVERE900,743,627
E308,61,52
ELEMORAZUM-200,345,291
ELEMORGRIM-200,345,291
ELEMORNEGM-200,345,291
ELEMORROJM-200,345,291
EMERGENCIA-SQ818,62,52.44
FEMORBUDW160,61,52
FEMORDRAW160,61,52
G10-REMATE,42,35
GADMORA1000000003,92,77.52
GAMMORNE-X8,952,804
GJX2337,74,63
GT-111-REMATE,53,45
GUIMORDEF-10-20-2MT,6.6,48
Gris 402,223,189
HIDMORDEFMLS-05,354,299
HOGMORDEFCOJIN,115,96.9
HUMMORBLAA318,186,158
ILUMORDEF12543025,331,280
ILUMORDEFLYD038,223,188.1
K063-Pack,714,606
KAMMORDEFMOR-559,52,44
KARMORNAGEGA15,716,605
KARMORNEGA15,716,605
KITMORAZUW-28,162,137
KITMORDORW-28,162,137
LAMMORBLABT-2301,142,120
LAMMORBLABT-3401,162,137
LAMMORBLATYV-2083,120,101
LAMMORDEFM-616T,42,35
LAMMORDEFM-G28,84,70.68
LAMMORDEFMYJ-8683U,61,52
LAMMORNEGBT-2301,142,120
LAMMORNEGTYV-2083,120,101
LECTPOINDEF0000,1079,911
LECTPOINDEF0001,1,1
LECTPOINDEF0002,201,169.86
LINMORBROCOB,95,80
LINMORCOBCOB7701B,54,46
LINMORCOBPLACOB7701B,54,46
LINMORDEF-SQ-535,32,27
LINMORDEF508,68,57
LINMORPLACOB,95,80
LUCMORMULM55-003,115,97
LUMMORDEF800LJ-58,20,17
LUMMORDEFGD-98150,689,581.4
LUMMORDEFGD-98200,938,792.3
LUMMORDEFGD-98400,1148,969
LUMMORDEFGD-99100,591,499.32
LUMMORDEFGD-99200,783,661.2
LUMMORDEFGD-99300,932,786.6
LÁMMORDEFMQ-189,81,68.4
M1L-REMATE,53,45
MICMORSAM9D,20,7
MINMORAMAVENT,51,44
MINMORBLAVENT,51,44
MINMORDEFMINI-AIR,149,125.4
MINMORDEFSIS-SOLAR,574,485
MINMORVERVENT,51,44
MOCMORAZUJB-612,108,100
MOCMORNEGJB-612,108,100
MOCMORPURJB-612,108,100
MOCMORROJJB-612,108,100
MOCMORROSJB-612,108,92
MOCMORVERJB-612,108,92
MOLMORDEF-ML,108,91.2
MOREBOCGRI450,214,181
MOREBOCNEG450,214,181
MOREBOCROJ450,214,181
MOREPARAC106,43.52,37
MOREPARAC107,49.92,42.5
MOREPARAC108,52.48,44.5
MOREPARAC109-BCO,43.52,37.5
MOREPARAC109-NEG,43.52,37.5
MOREPARAC110-NEG,52.48,44.5
MOREPARCC23,76.8,52.5
MOREPARP-002,74,63
MOREPARP-002d,32,27
MOUMORAZUMW-05,41,34
MOUMORGRIMW-05,41,34
MOUMORNEGMW-05,41,34
MOUMORROJMW-05,41,34
MULMORDEFCIR-4CONX,95,80
MULMORDEFMC-004U,95,80
MULMORNEGmc-5848c,122,103
Morado K064,119,101
Morado K072,142,120
Morado K073,160,135
Morado K074,173,146
Multi-au-03,11,10
NN-TJ55-EIRE,156,132
Negro 402,223,189
Negro E306,119,101
Negro K064,119,101
Negro K072,142,120
Negro K073,160,135
Negro K074,173,146
Negro K075,105,89
PANMORDEFMOR-120S,297,251
PAQ2K063,238,202
PAQ2K064,238,202
PAQ4K063,476,404
PAQ4K064,476,404
PARMORDEFCC21,60.16,31.5
PARMORDEFCC22,61.44,51
PARMORDEFCP0010,36,30
PARMORDEFCP006,63,54.04
PARMORDEFCP007,63,54.04
PARMORDEFCP008,53,43.89
PARMORDEFCP009,36,30
PARMORDEFCP009-negro,63,54.04
PARMORDEFCP010,38.4,33.5
PARMORDEFCP011,38.4,33.5
PARMORDEFHOT-CAKES,132,111.72
PARMORDEFMR0645,27,23
PARMORDEFMR0645-1,23,19.5
PARMORDEFMR0805,30,25
PARMORDEFMR0885,30,25
PARMORDEFMR0926,41,35
PARMORDEFMR1245,26,22
PARMORDEFMR1426,26,23
PARMORDEFMR1436,27.5,24
PARMORDEFMR2610,20,17
PARMORDEFMR2611,20,17
PARMORDEFN0411,32,27
PARMORDEFN0412,35,30
PARMORDEFN0431,32,27
PARMORDEFN0432,35,420
PARMORDGRISEFCP008,63,54.04
PARMORMULCP0010,36,30
PARMORNEGCP007,53,43.89
PELMORDEFAD218,77,65
PIEMORDEFM-914-2,18,16
PIZMORDEFPIZ-MAGIC,22,19
PIZMORDEFPIZ-MAGIC2,23,20
PLAYERA,240,240
POWMORAZUK-048,61,52
POWMORAZUK053,183,154
POWMORAZUK070,186,157
POWMORBLAK-048,61,52
POWMORBLAK-060,173,146
POWMORBLAK-061,176,149
POWMORBLAK052,155,131.1
POWMORBLAK055,155,131
POWMORBLAK058,89,75
POWMORBLAK065,119,101
POWMORBLAK067,182,154
POWMORBLAK068,238,201
POWMORBLAK069,257,194
POWMORBLAK070,186,157
POWMORBLAK071,133,112
POWMORBLANEGK077,162,137
POWMORMULK052,180,152.08
POWMORMULK055,216.11,182.49
POWMORNBLAK-062,176,149
POWMORNEGK-048,61,52
POWMORNEGK-060,173,146
POWMORNEGK-061,176,149
POWMORNEGK-062,176,149
POWMORNEGK052,155,131.1
POWMORNEGK053,183,154
POWMORNEGK054,187,158
POWMORNEGK055,155,131
POWMORNEGK058,89,75
POWMORNEGK065,119,101
POWMORNEGK067,182,154
POWMORNEGK068,238,201
POWMORNEGK069,257,194
POWMORNEGK070,186,157
POWMORNEGK071,133,112
POWMORNEGK077,162,137
POWMORROJK052,155,131.1
POWMORROJK054,187,158
POWMORROSK-048,61,52
POWMORVERK052,155,131.1
POWMORVERK053,183,154
POWMORVERK054,187,158
PROMORDEF-XLF-09,106,89
PROMORDEFAST-GAL,207,179
PX-SJL9-BCN0,156,132
RASMORAMAW-22,216,182.4
RASMORAZUW-22,216,182.4
RASMORROSW-22,216,182.4
RASMORVERW-22,216,182.4
RECMORGRIM-0688,237,200
RECMORNEGM-0688,237,200
RECMORROSM-0688,237,200
REFMORDEFMOR-2207A,372,314
REFMORDEFMOR-2301B,277,234
REFMORDEFMOR-2305B,338,285
REFMORDEFSQ-HP-2101-4,52,44
RELMORBLA-MSK15,190,150
RELMORROS-MSK15,190,150
Rojo 402,223,189
Rosa K072,142,120
Rosa K075,105,89
SECMORBEIMCF-001,173,146
SECMORBLAMCF-001,173,146
SECMORBLAMCF-003,227,192
SECMORGRIMCF-003,227,192
SMAHIWBLA00000Y68,103,86.64
SMAHIWNEG00000Y68,103,86.64
SMAHIWROS00000Y68,103,86.64
SMAMORAZU000Y8,103,86.64
SMAMORAZUI7,142,120
SMAMORDEF18_UTRA-1,297,250.8
SMAMORDEF18_UTRA-2-2,297,250.8
SMAMORDEF18_UTRA-3-3,297,250.8
SMAMORDEFSK11,264,223
SMAMORDEFSK12,264,223
SMAMORDEFSK13,264,223
SMAMORDEFSK14,250,211
SMAMORDEFSK15,250,211
SMAMORDEFW26,182,154
SMAMORDEFW26-1,169,143
SMAMORDEFW27-2,169,143
SMAMORDEFW28,182,154
SMAMORDEFW28-3,169,143
SMAMORDEFW29,182,154
SMAMORDEFW29-4,169,143
SMAMORDEFW30,182,154
SMAMORDEFW30-5,169,143
SMAMORDEFW31,182,154
SMAMORDEFW31-6,169,143
SMAMORDEFX8,267,226
SMAMORDEFY201,197,166
SMAMORDEFY202,197,166
SMAMORDETW25-AZUL,200,169
SMAMORDETW25-GRIS,200,169
SMAMORDETW25-NARANJA,200,169
SMAMORDETW25-NEGRO,200,169
SMAMORDEULTRA2-BCO,207,174
SMAMORDEULTRA2-NARANJA,207,174
SMAMORET21-Amarillo,232,197
SMAMORET21-NGO,232,197
SMAMORET21-purpura,232,197
SMAMORGRI000Y8,103,86.64
SMAMORGRIMGW20,210,177
SMAMORGRISK13,270,228
SMAMORNARMGW20,210,177
SMAMORNARSK11,270,228
SMAMORNEGI7,142,120
SMAMORNEGMGW20,210,177
SMAMORNEGSK12,270,228
SMAMORROJZ51,176,148.2
SMAMORROSI7,142,120
SMAMORVERZ51,176,148.2
SMARMORAZUMSK16,250,211
SMARMORBLAMSK16,250,211
SMARMORNEGMSK16,250,211
SMARMORROSMSK16,250,211
SOLMORDEF-MOR-8017,365,307.8
SOPMORDEF-CEL-CAR,54,46
SOPMORDEF-CEL-CARS,46,39
SOPMORDEFHDL-117B,119,101
SOPMORDEFMH-70B,60,51
ST2-REMATE,53,45
ST28-REMATE,42,35
T-162-REMATE,42,35
T0-3032-REMATE,53,45
T800-ROJO,182,154
TABSTYDEF0STTTKI2,1179,995.53
TABSTYDEF0STTTKI3,1179,995.53
TABVORDWFT10M,1344,1135
TEAMORDE1202F,91,77
TORMORDEFFS-T888,5824,5108
TORRFOLNEGFS-T109,3094,2666
TRIMORDEFTRIPL-ARO,61,51.3
VASMORAZUCCB-0004,50,42
VASMORBLACCB-0004,50,42
VASMORNEG,70,45.6
VASMORNEG-2,54,45.6
VASMORNEG-3,54,45.6
VASMORNEG-4,54,45.6
VASMORNEG-5,54,45.6
VASMORNEGCCB-0004,70,42
VASMORROJCCB-0004,50,42
VASMORVERCCB-0004,50,42
VENMORDEFMF023,196,165.3
VENMORDEFMOR-FF-2001,621,525
VENMORDEFMOR-FS12,783,661.2
VENMORDEFMOR-FS12-7,398,337
VENMORDEFMOR-FS12-8,281,238
VENMORGRICLPI5_5,92,78
VENMORNEGCLPI5_5,92,78
VENMORROSCLPI5_5,92,78
VENMORVERCLPI5_5,92,78
Verde K074,173,146
W16-1,104,88
W16-2,108,92
X3,122,103
Y1,119,101
Y2,119,101
Y3,119,101
band-mard2,159,134.52
colores,66,228
mr1275-50pz,850,228
sup2023-2,291,246
